"Ngày","Lần cuối","Mở","Cao","Thấp","KL","% Thay đổi"
"06/11/2024","14,700.0","14,350.0","14,700.0","14,350.0","7.42M","2.44%"
"05/11/2024","14,350.0","14,350.0","14,400.0","14,300.0","4.07M","0.35%"
"04/11/2024","14,300.0","14,450.0","14,500.0","14,200.0","7.98M","-0.35%"
"01/11/2024","14,350.0","14,450.0","14,500.0","14,350.0","6.21M","-1.37%"
"31/10/2024","14,550.0","14,550.0","14,650.0","14,450.0","4.97M","0.34%"
"30/10/2024","14,500.0","14,700.0","14,750.0","14,450.0","5.35M","-1.36%"
"29/10/2024","14,700.0","14,700.0","14,800.0","14,600.0","5.91M","0.68%"
"28/10/2024","14,600.0","14,300.0","14,650.0","14,300.0","8.70M","2.10%"
"25/10/2024","14,300.0","14,400.0","14,500.0","14,300.0","5.68M","0.00%"
"24/10/2024","14,300.0","14,600.0","14,650.0","14,300.0","13.24M","-2.05%"
"23/10/2024","14,600.0","14,700.0","14,750.0","14,550.0","11.00M","-0.34%"
"22/10/2024","14,650.0","14,650.0","14,800.0","14,600.0","10.22M","-0.34%"
"21/10/2024","14,700.0","14,750.0","15,000.0","14,650.0","12.61M","-1.01%"
"18/10/2024","14,850.0","14,950.0","15,050.0","14,850.0","7.74M","-0.34%"
"17/10/2024","14,900.0","14,700.0","14,900.0","14,600.0","7.67M","1.71%"
"16/10/2024","14,650.0","14,800.0","14,950.0","14,600.0","14.09M","-1.01%"
"15/10/2024","14,800.0","15,150.0","15,300.0","14,800.0","19.09M","-2.31%"
"14/10/2024","15,150.0","15,350.0","15,450.0","15,100.0","14.03M","-0.33%"
"11/10/2024","15,200.0","15,150.0","15,350.0","15,100.0","9.32M","0.66%"
"10/10/2024","15,100.0","15,300.0","15,450.0","15,100.0","12.95M","-0.66%"
"09/10/2024","15,200.0","14,900.0","15,350.0","14,850.0","16.76M","2.36%"
"08/10/2024","14,850.0","14,950.0","15,150.0","14,800.0","8.76M","-0.67%"
"07/10/2024","14,950.0","14,800.0","15,100.0","14,750.0","10.63M","2.05%"
"04/10/2024","14,650.0","14,800.0","14,950.0","14,650.0","14.28M","-1.01%"
"03/10/2024","14,800.0","15,150.0","15,300.0","14,800.0","19.58M","-1.99%"
"02/10/2024","15,100.0","15,350.0","15,400.0","15,100.0","16.23M","-2.27%"
"01/10/2024","15,450.0","15,300.0","15,700.0","15,300.0","25.69M","1.31%"
"30/09/2024","15,250.0","15,200.0","15,450.0","15,150.0","14.30M","0.33%"
"27/09/2024","15,200.0","15,150.0","15,550.0","15,100.0","24.26M","1.00%"
"26/09/2024","15,050.0","15,150.0","15,300.0","15,050.0","13.90M","0.00%"
"25/09/2024","15,050.0","14,900.0","15,150.0","14,850.0","19.32M","1.69%"
"24/09/2024","14,800.0","14,800.0","14,850.0","14,650.0","10.80M","-0.34%"
"23/09/2024","14,850.0","15,000.0","15,100.0","14,800.0","8.60M","-1.00%"
"20/09/2024","15,000.0","14,750.0","15,200.0","14,750.0","20.36M","2.74%"
"19/09/2024","14,600.0","14,800.0","14,850.0","14,600.0","9.42M","-0.68%"
"18/09/2024","14,700.0","14,600.0","14,900.0","14,550.0","11.50M","1.03%"
"17/09/2024","14,550.0","14,100.0","14,550.0","14,100.0","6.36M","3.19%"
"16/09/2024","14,100.0","14,300.0","14,400.0","14,100.0","","-1.40%"
"13/09/2024","14,300.0","14,300.0","14,500.0","14,250.0","5.37M","0.00%"
"12/09/2024","14,300.0","14,450.0","14,500.0","14,300.0","3.58M","0.00%"
"11/09/2024","14,300.0","14,450.0","14,550.0","14,150.0","8.44M","-1.38%"
"10/09/2024","14,500.0","14,900.0","14,950.0","14,450.0","10.53M","-4.29%"
"09/09/2024","15,150.0","15,000.0","15,350.0","15,000.0","7.17M","-0.33%"
"06/09/2024","15,200.0","14,800.0","15,450.0","14,800.0","9.01M","-0.33%"
"05/09/2024","15,250.0","14,200.0","15,500.0","14,200.0","8.24M","0.33%"
"04/09/2024","15,200.0","15,250.0","15,500.0","14,450.0","11.18M","-1.94%"
"30/08/2024","15,500.0","15,650.0","15,800.0","15,500.0","6.64M","-0.64%"
"29/08/2024","15,600.0","14,500.0","15,850.0","14,500.0","10.04M","1.30%"
"28/08/2024","15,400.0","15,100.0","15,600.0","15,100.0","9.02M","-0.32%"
"27/08/2024","15,450.0","14,650.0","15,750.0","14,650.0","10.33M","-1.59%"
"26/08/2024","15,700.0","15,650.0","16,000.0","15,600.0","17.11M","0.64%"
"23/08/2024","15,600.0","15,500.0","15,850.0","15,400.0","12.16M","0.65%"
"22/08/2024","15,500.0","15,350.0","15,900.0","15,350.0","15.27M","-0.32%"
"21/08/2024","15,550.0","15,800.0","15,800.0","15,450.0","10.62M","0.00%"
"20/08/2024","15,550.0","14,600.0","15,600.0","14,600.0","22.25M","4.01%"
"19/08/2024","14,950.0","14,300.0","15,250.0","14,300.0","9.10M","-0.33%"
"16/08/2024","15,000.0","14,000.0","15,150.0","14,000.0","18.12M","4.90%"
"15/08/2024","14,300.0","14,250.0","14,750.0","14,250.0","4.59M","-1.04%"
"14/08/2024","14,450.0","14,300.0","14,800.0","13,700.0","7.85M","-1.70%"
"13/08/2024","14,700.0","14,550.0","15,500.0","14,500.0","12.79M","-2.33%"
"12/08/2024","15,050.0","14,700.0","15,300.0","14,700.0","6.02M","-2.90%"
"09/08/2024","15,500.0","15,050.0","15,500.0","14,850.0","10.15M","5.44%"
"08/08/2024","14,700.0","14,600.0","15,150.0","14,500.0","10.43M","0.34%"
"07/08/2024","14,650.0","14,000.0","14,800.0","14,000.0","4.70M","-0.68%"
"06/08/2024","14,750.0","14,200.0","14,800.0","13,500.0","8.58M","3.87%"
"05/08/2024","14,200.0","15,100.0","15,200.0","14,200.0","16.44M","-6.89%"
"02/08/2024","15,250.0","14,900.0","15,350.0","14,550.0","9.40M","1.67%"
"01/08/2024","15,000.0","15,600.0","15,650.0","15,000.0","10.96M","-3.54%"
"31/07/2024","15,550.0","15,650.0","15,750.0","15,500.0","4.93M","0.32%"
"30/07/2024","15,500.0","15,650.0","15,800.0","15,450.0","5.43M","-0.96%"
"29/07/2024","15,650.0","15,850.0","16,000.0","15,650.0","6.17M","-0.63%"
"26/07/2024","15,750.0","15,750.0","15,900.0","15,650.0","4.69M","0.32%"
"25/07/2024","15,700.0","15,600.0","15,900.0","15,450.0","5.64M","-0.95%"
"24/07/2024","15,850.0","15,700.0","15,950.0","15,100.0","12.28M","0.96%"
"23/07/2024","15,700.0","16,100.0","16,100.0","15,550.0","6.44M","-1.88%"
"22/07/2024","16,000.0","15,900.0","16,050.0","15,550.0","12.74M","0.63%"
"19/07/2024","15,900.0","15,650.0","16,150.0","15,500.0","13.93M","2.58%"
"18/07/2024","15,500.0","15,450.0","15,650.0","15,000.0","13.11M","0.65%"
"17/07/2024","15,400.0","16,050.0","16,150.0","15,300.0","14.01M","-3.45%"
"16/07/2024","15,950.0","16,200.0","16,350.0","15,850.0","15.03M","-1.54%"
"15/07/2024","16,200.0","16,450.0","16,550.0","16,200.0","10.31M","-1.52%"
"12/07/2024","16,450.0","16,550.0","16,700.0","16,400.0","7.25M","-0.60%"
"11/07/2024","16,550.0","16,400.0","16,600.0","16,400.0","8.23M","1.53%"
"10/07/2024","16,300.0","16,500.0","16,600.0","16,250.0","8.98M","-1.51%"
"09/07/2024","16,550.0","16,350.0","16,600.0","16,300.0","8.51M","1.22%"
"08/07/2024","16,350.0","16,900.0","16,900.0","16,350.0","8.76M","-1.51%"
"05/07/2024","16,600.0","16,600.0","16,750.0","16,500.0","7.01M","0.00%"
"04/07/2024","16,600.0","16,250.0","16,950.0","16,200.0","17.86M","2.47%"
"03/07/2024","16,200.0","16,300.0","16,350.0","16,150.0","9.48M","0.00%"
"02/07/2024","16,200.0","16,100.0","16,450.0","16,100.0","9.42M","0.62%"
"01/07/2024","16,100.0","16,150.0","16,250.0","15,900.0","10.12M","0.31%"
"28/06/2024","16,050.0","16,500.0","16,500.0","16,050.0","10.54M","-2.13%"
"27/06/2024","16,400.0","16,750.0","16,800.0","16,350.0","7.73M","-1.80%"
"26/06/2024","16,700.0","16,500.0","17,000.0","16,500.0","13.06M","1.83%"
"25/06/2024","16,400.0","16,350.0","16,600.0","16,300.0","9.91M","0.31%"
"24/06/2024","16,350.0","16,200.0","16,800.0","16,150.0","20.65M","0.93%"
"21/06/2024","16,200.0","16,700.0","16,800.0","16,200.0","20.13M","-2.99%"
"20/06/2024","16,700.0","16,900.0","17,100.0","16,550.0","11.98M","-1.18%"
"19/06/2024","16,900.0","17,200.0","17,350.0","16,850.0","17.80M","-1.74%"
"18/06/2024","17,200.0","17,500.0","17,700.0","17,200.0","17.36M","-1.71%"
"17/06/2024","17,500.0","17,850.0","17,900.0","17,500.0","13.45M","-1.96%"
"14/06/2024","17,850.0","18,200.0","18,300.0","17,850.0","16.53M","-1.65%"
"13/06/2024","18,150.0","18,150.0","18,250.0","18,000.0","13.05M","0.55%"
"12/06/2024","18,050.0","17,750.0","18,150.0","17,750.0","10.58M","1.69%"
"11/06/2024","17,750.0","18,000.0","18,000.0","17,650.0","9.66M","-0.56%"
"10/06/2024","17,850.0","18,000.0","18,100.0","17,850.0","11.06M","-0.28%"
"07/06/2024","17,900.0","18,000.0","18,100.0","17,850.0","6.88M","-0.28%"
"06/06/2024","17,950.0","18,100.0","18,300.0","17,950.0","9.69M","-0.83%"
"05/06/2024","18,100.0","18,000.0","18,250.0","18,000.0","8.69M","0.56%"
"04/06/2024","18,000.0","18,250.0","18,400.0","18,000.0","12.21M","-0.83%"
"03/06/2024","18,150.0","18,250.0","18,400.0","18,100.0","11.85M","1.97%"
"31/05/2024","17,800.0","18,000.0","18,000.0","17,800.0","6.84M","-0.28%"
"30/05/2024","17,850.0","18,000.0","18,200.0","17,650.0","18.54M","-1.92%"
"29/05/2024","18,200.0","18,550.0","18,750.0","18,100.0","22.95M","6.64%"
"28/05/2024","17,067.0","16,941.0","17,150.0","16,899.0","29.63M","-15.72%"
"27/05/2024","20,250.0","20,100.0","20,400.0","20,050.0","9.66M","1.00%"
"24/05/2024","20,050.0","20,500.0","20,550.0","19,850.0","29.93M","-2.67%"
"23/05/2024","20,600.0","21,200.0","21,350.0","20,000.0","37.90M","-3.29%"
"22/05/2024","21,300.0","21,500.0","21,900.0","21,300.0","18.72M","-0.70%"
"21/05/2024","21,450.0","21,600.0","21,900.0","21,250.0","16.84M","-1.15%"
"20/05/2024","21,700.0","22,150.0","22,350.0","21,700.0","14.36M","-0.91%"
"17/05/2024","21,900.0","21,100.0","22,000.0","21,050.0","21.70M","4.04%"
"16/05/2024","21,050.0","21,250.0","21,350.0","21,000.0","9.44M","0.24%"
"15/05/2024","21,000.0","20,750.0","21,200.0","20,700.0","11.37M","1.45%"
"14/05/2024","20,700.0","20,800.0","20,950.0","20,700.0","5.25M","-0.48%"
"13/05/2024","20,800.0","20,950.0","21,000.0","20,650.0","5.96M","0.00%"
"10/05/2024","20,800.0","20,700.0","20,800.0","20,500.0","6.26M","0.97%"
"09/05/2024","20,600.0","20,950.0","21,100.0","20,600.0","7.30M","-1.44%"
"08/05/2024","20,900.0","20,800.0","21,050.0","20,450.0","9.64M","-0.24%"
"07/05/2024","20,950.0","21,150.0","21,200.0","20,800.0","7.42M","-0.71%"
"06/05/2024","21,100.0","20,500.0","21,200.0","20,450.0","12.77M","3.94%"
"03/05/2024","20,300.0","20,650.0","20,650.0","20,300.0","6.35M","0.00%"
"02/05/2024","20,300.0","20,650.0","20,700.0","20,150.0","7.81M","-1.69%"
"26/04/2024","20,650.0","20,550.0","20,900.0","20,500.0","10.12M","-1.67%"
"25/04/2024","21,000.0","20,800.0","21,200.0","20,700.0","12.91M","0.48%"
"24/04/2024","20,900.0","20,100.0","21,000.0","20,000.0","17.03M","6.09%"
"23/04/2024","19,700.0","20,400.0","20,500.0","19,600.0","13.77M","-2.48%"
"22/04/2024","20,200.0","19,800.0","20,200.0","19,450.0","21.92M","6.88%"
"19/04/2024","18,900.0","19,000.0","19,800.0","18,300.0","22.13M","-2.33%"
"17/04/2024","19,350.0","20,100.0","20,250.0","19,350.0","12.32M","-3.73%"
"16/04/2024","20,100.0","20,300.0","20,500.0","19,250.0","27.50M","-1.71%"
"15/04/2024","20,450.0","21,950.0","22,200.0","20,450.0","23.73M","-6.83%"
"12/04/2024","21,950.0","22,000.0","22,200.0","21,800.0","11.08M","0.69%"
"11/04/2024","21,800.0","21,700.0","21,950.0","21,600.0","10.52M","-0.91%"
"10/04/2024","22,000.0","22,350.0","22,350.0","22,000.0","9.36M","-1.12%"
"09/04/2024","22,250.0","21,650.0","22,300.0","21,600.0","16.38M","2.77%"
"08/04/2024","21,650.0","22,050.0","22,200.0","21,650.0","20.28M","-1.81%"
"05/04/2024","22,050.0","22,200.0","22,300.0","22,050.0","24.59M","-2.00%"
"04/04/2024","22,500.0","22,750.0","22,850.0","22,450.0","20.65M","-1.32%"
"03/04/2024","22,800.0","23,150.0","23,300.0","22,700.0","24.36M","-1.30%"
"02/04/2024","23,100.0","22,900.0","23,100.0","22,550.0","28.04M","0.87%"
"01/04/2024","22,900.0","22,950.0","23,300.0","22,700.0","28.70M","-0.22%"
"29/03/2024","22,950.0","23,200.0","23,250.0","22,850.0","33.70M","-1.08%"
"28/03/2024","23,200.0","23,400.0","23,700.0","22,900.0","43.88M","-0.43%"
"27/03/2024","23,300.0","23,750.0","23,800.0","23,200.0","37.02M","-0.64%"
"26/03/2024","23,450.0","23,050.0","23,500.0","22,750.0","81.88M","-2.09%"
"25/03/2024","23,950.0","24,100.0","24,850.0","23,550.0","86.28M","-1.44%"
"22/03/2024","24,300.0","24,400.0","24,650.0","24,050.0","37.12M","0.21%"
"21/03/2024","24,250.0","23,950.0","24,500.0","23,850.0","62.51M","3.63%"
"20/03/2024","23,400.0","23,000.0","23,450.0","22,750.0","22.11M","1.52%"
"19/03/2024","23,050.0","23,350.0","23,400.0","22,700.0","19.13M","-0.65%"
"18/03/2024","23,200.0","23,800.0","23,900.0","22,200.0","50.77M","-1.49%"
"15/03/2024","23,550.0","23,300.0","23,650.0","23,100.0","33.21M","1.07%"
"14/03/2024","23,300.0","23,750.0","24,150.0","23,200.0","40.17M","-1.06%"
"13/03/2024","23,550.0","22,700.0","23,600.0","22,550.0","35.10M","4.20%"
"12/03/2024","22,600.0","22,800.0","22,950.0","22,550.0","32.72M","-1.31%"
"11/03/2024","22,900.0","23,500.0","23,650.0","22,800.0","32.30M","-2.55%"
"08/03/2024","23,500.0","23,700.0","24,300.0","23,500.0","65.50M","0.00%"
"07/03/2024","23,500.0","23,000.0","23,600.0","22,850.0","39.33M","2.17%"
"06/03/2024","23,000.0","23,400.0","23,600.0","22,900.0","31.77M","-2.13%"
"05/03/2024","23,500.0","23,450.0","23,550.0","23,100.0","28.95M","0.21%"
"04/03/2024","23,450.0","23,600.0","23,650.0","23,250.0","32.21M","1.08%"
"01/03/2024","23,200.0","22,900.0","23,450.0","22,850.0","42.62M","2.43%"
"29/02/2024","22,650.0","22,750.0","23,200.0","22,600.0","31.11M","0.22%"
"28/02/2024","22,600.0","23,000.0","23,000.0","22,500.0","21.51M","-0.88%"
"27/02/2024","22,800.0","22,800.0","23,100.0","22,650.0","21.78M","0.66%"
"26/02/2024","22,650.0","22,050.0","22,800.0","22,000.0","26.64M","2.72%"
"23/02/2024","22,050.0","22,550.0","22,750.0","21,900.0","34.41M","-2.00%"
"22/02/2024","22,500.0","22,600.0","22,750.0","22,500.0","17.10M","-0.44%"
"21/02/2024","22,600.0","23,000.0","23,050.0","22,500.0","38.58M","-1.74%"
"20/02/2024","23,000.0","23,200.0","23,450.0","23,000.0","22.42M","0.22%"
"19/02/2024","22,950.0","23,300.0","23,400.0","22,600.0","41.59M","-1.08%"
"16/02/2024","23,200.0","23,200.0","23,500.0","23,000.0","32.05M","0.87%"
"15/02/2024","23,000.0","23,300.0","23,300.0","22,900.0","22.74M","0.00%"
"07/02/2024","23,000.0","22,150.0","23,150.0","22,150.0","46.16M","4.07%"
"06/02/2024","22,100.0","22,300.0","22,500.0","22,100.0","19.01M","-0.45%"
"05/02/2024","22,200.0","21,950.0","22,350.0","21,800.0","21.63M","1.83%"
"02/02/2024","21,800.0","21,800.0","22,100.0","21,800.0","16.23M","0.23%"
"01/02/2024","21,750.0","21,800.0","21,950.0","21,700.0","12.81M","-0.23%"
"31/01/2024","21,800.0","21,950.0","22,350.0","21,800.0","28.60M","-0.23%"
"30/01/2024","21,850.0","21,800.0","21,900.0","21,700.0","8.22M","0.23%"
"29/01/2024","21,800.0","22,000.0","22,050.0","21,800.0","9.00M","-0.68%"
"26/01/2024","21,950.0","21,950.0","22,150.0","21,850.0","10.73M","0.23%"
"25/01/2024","21,900.0","22,050.0","22,150.0","21,900.0","8.55M","-0.68%"
"24/01/2024","22,050.0","21,950.0","22,300.0","21,950.0","21.13M","0.68%"
"23/01/2024","21,900.0","22,000.0","22,250.0","21,900.0","15.88M","-0.23%"
"22/01/2024","21,950.0","22,150.0","22,300.0","21,800.0","20.10M","1.15%"
"19/01/2024","21,700.0","22,150.0","22,150.0","21,700.0","13.26M","-0.91%"
"18/01/2024","21,900.0","21,900.0","22,150.0","21,850.0","10.53M","-0.23%"
"17/01/2024","21,950.0","21,800.0","22,500.0","21,700.0","22.71M","0.69%"
"16/01/2024","21,800.0","21,450.0","21,800.0","21,400.0","9.71M","1.40%"
"15/01/2024","21,500.0","21,850.0","22,000.0","21,500.0","9.19M","-1.38%"
"12/01/2024","21,800.0","21,750.0","22,000.0","21,500.0","20.64M","-0.68%"
"11/01/2024","21,950.0","21,750.0","22,200.0","21,750.0","15.97M","0.92%"
"10/01/2024","21,750.0","22,150.0","22,200.0","21,700.0","28.67M","-1.81%"
"09/01/2024","22,150.0","22,300.0","22,400.0","22,100.0","19.38M","-0.45%"
"08/01/2024","22,250.0","22,400.0","22,650.0","22,200.0","21.89M","-0.22%"
"05/01/2024","22,300.0","22,350.0","22,450.0","22,000.0","23.80M","0.00%"
"04/01/2024","22,300.0","22,450.0","22,950.0","22,300.0","44.99M","-0.22%"
"03/01/2024","22,350.0","22,150.0","22,350.0","21,900.0","16.60M","0.90%"
"02/01/2024","22,150.0","22,450.0","22,650.0","22,100.0","27.97M","-0.45%"
"29/12/2023","22,250.0","22,200.0","22,350.0","22,100.0","18.54M","0.45%"
"28/12/2023","22,150.0","22,000.0","22,350.0","21,950.0","16.51M","0.68%"
"27/12/2023","22,000.0","22,000.0","22,450.0","21,950.0","21.42M","0.69%"
"26/12/2023","21,850.0","21,750.0","21,950.0","21,700.0","18.50M","0.69%"
"25/12/2023","21,700.0","21,500.0","21,900.0","21,450.0","12.93M","0.93%"
"22/12/2023","21,500.0","21,800.0","22,150.0","21,500.0","19.70M","-1.15%"
"21/12/2023","21,750.0","21,750.0","21,950.0","21,700.0","11.95M","-0.91%"
"20/12/2023","21,950.0","21,850.0","22,200.0","21,700.0","14.22M","0.69%"
"19/12/2023","21,800.0","21,550.0","21,800.0","21,200.0","18.45M","1.16%"
"18/12/2023","21,550.0","21,900.0","21,900.0","21,550.0","12.22M","-1.15%"
"15/12/2023","21,800.0","21,450.0","22,200.0","21,350.0","37.99M","1.63%"
"14/12/2023","21,450.0","21,950.0","21,950.0","21,400.0","17.89M","-0.69%"
"13/12/2023","21,600.0","22,250.0","22,350.0","21,500.0","21.68M","-2.04%"
"12/12/2023","22,050.0","22,000.0","22,300.0","22,000.0","16.26M","0.46%"
"11/12/2023","21,950.0","21,700.0","22,050.0","21,400.0","24.14M","1.15%"
"08/12/2023","21,700.0","22,000.0","22,200.0","21,600.0","20.89M","-1.36%"
"07/12/2023","22,000.0","22,800.0","22,900.0","21,500.0","67.39M","-3.30%"
"06/12/2023","22,750.0","22,550.0","22,950.0","22,450.0","30.76M","0.89%"
"05/12/2023","22,550.0","22,700.0","22,800.0","22,450.0","27.41M","-0.66%"
"04/12/2023","22,700.0","21,800.0","22,800.0","21,700.0","56.54M","6.32%"
"01/12/2023","21,350.0","21,200.0","21,450.0","20,800.0","19.09M","1.91%"
"30/11/2023","20,950.0","21,100.0","21,450.0","20,950.0","28.33M","-0.48%"
"29/11/2023","21,050.0","20,800.0","21,200.0","20,800.0","17.48M","1.20%"
"28/11/2023","20,800.0","20,600.0","20,850.0","19,900.0","26.42M","0.97%"
"27/11/2023","20,600.0","21,300.0","21,400.0","20,600.0","18.36M","-3.29%"
"24/11/2023","21,300.0","20,950.0","21,300.0","20,200.0","31.43M","3.40%"
"23/11/2023","20,600.0","22,000.0","22,350.0","20,600.0","45.92M","-5.94%"
"22/11/2023","21,900.0","21,750.0","21,950.0","21,500.0","31.41M","0.92%"
"21/11/2023","21,700.0","21,500.0","21,900.0","21,350.0","33.70M","2.36%"
"20/11/2023","21,200.0","19,600.0","21,200.0","19,600.0","38.21M","4.69%"
"17/11/2023","20,250.0","21,100.0","21,250.0","20,000.0","29.46M","-3.57%"
"16/11/2023","21,000.0","20,500.0","21,000.0","20,300.0","17.28M","2.44%"
"15/11/2023","20,500.0","21,100.0","21,300.0","20,500.0","23.07M","0.49%"
"14/11/2023","20,400.0","20,500.0","20,800.0","20,200.0","22.28M","0.99%"
"13/11/2023","20,200.0","20,200.0","20,400.0","19,650.0","19.40M","0.75%"
"10/11/2023","20,050.0","19,800.0","20,650.0","19,750.0","28.86M","0.00%"
"09/11/2023","20,050.0","19,800.0","20,800.0","19,650.0","32.28M","2.56%"
"08/11/2023","19,550.0","18,300.0","19,550.0","18,300.0","27.17M","6.83%"
"07/11/2023","18,300.0","18,500.0","19,050.0","18,200.0","20.23M","-2.14%"
"06/11/2023","18,700.0","18,850.0","18,850.0","18,450.0","13.11M","1.08%"
"03/11/2023","18,500.0","18,600.0","18,800.0","18,250.0","21.18M","-0.27%"
"02/11/2023","18,550.0","17,700.0","18,550.0","17,600.0","24.91M","6.92%"
"01/11/2023","17,350.0","16,500.0","17,350.0","16,350.0","24.33M","6.44%"
"31/10/2023","16,300.0","17,300.0","17,700.0","16,300.0","27.71M","-5.78%"
"30/10/2023","17,300.0","18,200.0","18,450.0","17,300.0","12.76M","-6.49%"
"27/10/2023","18,500.0","18,600.0","18,750.0","17,750.0","21.60M","1.09%"
"26/10/2023","18,300.0","19,000.0","19,400.0","18,300.0","48.72M","-6.87%"
"25/10/2023","19,650.0","19,800.0","20,250.0","19,650.0","14.19M","-0.51%"
"24/10/2023","19,750.0","19,600.0","19,900.0","19,250.0","12.96M","1.80%"
"23/10/2023","19,400.0","19,950.0","20,200.0","19,350.0","16.01M","-2.76%"
"20/10/2023","19,950.0","19,150.0","20,000.0","18,350.0","27.26M","4.18%"
"19/10/2023","19,150.0","20,100.0","20,400.0","19,050.0","23.34M","-4.96%"
"18/10/2023","20,150.0","20,300.0","20,750.0","19,000.0","29.54M","0.75%"
"17/10/2023","20,000.0","21,100.0","21,500.0","20,000.0","18.44M","-4.53%"
"16/10/2023","20,950.0","22,000.0","22,000.0","20,900.0","27.91M","-4.77%"
"13/10/2023","22,000.0","21,800.0","22,200.0","21,450.0","22.59M","-0.23%"
"12/10/2023","22,050.0","22,300.0","22,500.0","21,900.0","24.58M","-0.68%"
"11/10/2023","22,200.0","21,500.0","22,200.0","21,350.0","22.41M","3.74%"
"10/10/2023","21,400.0","21,950.0","21,950.0","21,350.0","25.68M","-0.93%"
"09/10/2023","21,600.0","20,900.0","21,850.0","20,800.0","22.74M","3.35%"
"06/10/2023","20,900.0","19,600.0","20,900.0","19,450.0","34.77M","6.91%"
"05/10/2023","19,550.0","20,600.0","20,650.0","19,550.0","18.54M","-3.93%"
"04/10/2023","20,350.0","19,000.0","20,900.0","19,000.0","31.62M","3.56%"
"03/10/2023","19,650.0","20,850.0","20,850.0","19,650.0","41.98M","-6.87%"
"02/10/2023","21,100.0","21,000.0","21,500.0","21,000.0","12.29M","0.48%"
"29/09/2023","21,000.0","21,300.0","21,550.0","20,800.0","17.39M","-0.24%"
"28/09/2023","21,050.0","21,700.0","21,800.0","20,850.0","26.18M","-3.66%"
"27/09/2023","21,850.0","21,000.0","21,850.0","20,350.0","25.99M","5.81%"
"26/09/2023","20,650.0","21,000.0","22,100.0","20,650.0","40.83M","-1.67%"
"25/09/2023","21,000.0","22,400.0","22,700.0","21,000.0","38.98M","-6.87%"
"22/09/2023","22,550.0","23,300.0","23,700.0","22,550.0","56.05M","-6.82%"
"21/09/2023","24,200.0","25,200.0","25,300.0","24,200.0","36.16M","-4.16%"
"20/09/2023","25,250.0","24,800.0","25,600.0","24,700.0","25.56M","2.02%"
"19/09/2023","24,750.0","24,850.0","24,900.0","24,100.0","20.81M","0.81%"
"18/09/2023","24,550.0","23,950.0","24,750.0","23,750.0","29.09M","2.29%"
"15/09/2023","24,000.0","24,300.0","24,500.0","23,800.0","21.08M","-0.62%"
"14/09/2023","24,150.0","24,500.0","24,700.0","24,000.0","33.32M","-1.43%"
"13/09/2023","24,500.0","25,150.0","25,250.0","24,450.0","33.59M","-2.00%"
"12/09/2023","25,000.0","23,400.0","25,000.0","23,350.0","35.22M","6.84%"
"11/09/2023","23,400.0","23,800.0","24,200.0","23,400.0","36.12M","-1.06%"
"08/09/2023","23,650.0","23,600.0","24,100.0","23,550.0","21.52M","-0.63%"
"07/09/2023","23,800.0","24,200.0","24,250.0","23,700.0","21.16M","-0.83%"
"06/09/2023","24,000.0","23,500.0","24,450.0","23,200.0","26.25M","2.13%"
"05/09/2023","23,500.0","23,700.0","23,850.0","23,300.0","28.26M","0.00%"
"31/08/2023","23,500.0","23,550.0","23,800.0","23,300.0","22.51M","0.00%"
"30/08/2023","23,500.0","22,500.0","23,500.0","22,250.0","34.46M","4.91%"
"29/08/2023","22,400.0","22,400.0","22,800.0","22,000.0","39.29M","0.90%"
"28/08/2023","22,200.0","22,000.0","22,400.0","21,900.0","24.77M","1.60%"
"25/08/2023","21,850.0","21,350.0","22,200.0","21,150.0","50.31M","2.58%"
"24/08/2023","21,300.0","20,700.0","21,300.0","20,500.0","29.76M","3.65%"
"23/08/2023","20,550.0","21,300.0","21,300.0","20,550.0","22.12M","-2.14%"
"22/08/2023","21,000.0","20,500.0","21,050.0","19,550.0","42.75M","2.69%"
"21/08/2023","20,450.0","20,450.0","20,800.0","19,800.0","33.87M","2.25%"
"18/08/2023","20,000.0","21,250.0","21,600.0","20,000.0","59.56M","-6.98%"
"17/08/2023","21,500.0","21,600.0","22,200.0","21,500.0","44.62M","0.94%"
"16/08/2023","21,300.0","21,000.0","21,300.0","20,800.0","26.66M","0.95%"
"15/08/2023","21,100.0","21,450.0","21,500.0","21,050.0","24.63M","-1.40%"
"14/08/2023","21,400.0","20,400.0","21,450.0","20,300.0","58.77M","6.73%"
"11/08/2023","20,050.0","20,200.0","20,300.0","19,750.0","24.69M","-0.25%"
"10/08/2023","20,100.0","20,050.0","20,300.0","19,900.0","19.45M","0.50%"
"09/08/2023","20,000.0","20,100.0","20,400.0","19,900.0","23.28M","-0.50%"
"08/08/2023","20,100.0","20,700.0","20,750.0","20,050.0","34.36M","-2.19%"
"07/08/2023","20,550.0","20,750.0","21,200.0","20,550.0","31.06M","-0.24%"
"04/08/2023","20,600.0","20,000.0","20,650.0","19,800.0","26.52M","4.04%"
"03/08/2023","19,800.0","20,000.0","20,400.0","19,700.0","47.19M","-1.98%"
"02/08/2023","20,200.0","20,000.0","20,500.0","19,900.0","29.56M","1.00%"
"01/08/2023","20,000.0","20,800.0","20,850.0","20,000.0","39.03M","-3.85%"
"31/07/2023","20,800.0","20,550.0","21,000.0","20,150.0","35.28M","2.46%"
"28/07/2023","20,300.0","19,450.0","20,400.0","19,450.0","55.13M","4.64%"
"27/07/2023","19,400.0","19,400.0","19,700.0","19,150.0","30.81M","0.52%"
"26/07/2023","19,300.0","18,950.0","19,500.0","18,600.0","35.82M","2.12%"
"25/07/2023","18,900.0","19,250.0","19,250.0","18,750.0","25.34M","-0.79%"
"24/07/2023","19,050.0","19,100.0","19,200.0","18,850.0","27.17M","1.33%"
"21/07/2023","18,800.0","18,300.0","18,950.0","18,200.0","41.50M","3.58%"
"20/07/2023","18,150.0","18,150.0","18,200.0","17,900.0","14.07M","0.28%"
"19/07/2023","18,100.0","18,550.0","18,550.0","18,100.0","18.24M","-1.63%"
"18/07/2023","18,400.0","18,300.0","18,550.0","18,100.0","17.15M","0.55%"
"17/07/2023","18,300.0","18,700.0","18,700.0","18,200.0","21.39M","-1.08%"
"14/07/2023","18,500.0","18,100.0","18,600.0","18,000.0","43.61M","3.06%"
"13/07/2023","17,950.0","17,800.0","18,100.0","17,650.0","25.38M","1.99%"
"12/07/2023","17,600.0","18,000.0","18,050.0","17,450.0","30.79M","-1.68%"
"11/07/2023","17,900.0","17,700.0","18,100.0","17,600.0","32.38M","0.85%"
"10/07/2023","17,750.0","17,700.0","18,250.0","17,550.0","39.49M","0.28%"
"07/07/2023","17,700.0","17,800.0","17,950.0","16,950.0","49.83M","-1.94%"
"06/07/2023","18,050.0","19,250.0","19,550.0","17,950.0","105.88M","-6.48%"
"05/07/2023","19,300.0","19,700.0","19,800.0","19,300.0","20.03M","-1.53%"
"04/07/2023","19,600.0","18,800.0","19,600.0","18,800.0","28.23M","3.98%"
"03/07/2023","18,850.0","19,100.0","19,150.0","18,800.0","10.50M","-0.26%"
"30/06/2023","18,900.0","18,800.0","19,150.0","18,700.0","18.36M","0.53%"
"29/06/2023","18,800.0","19,550.0","19,600.0","18,800.0","29.42M","-3.84%"
"28/06/2023","19,550.0","19,900.0","20,100.0","19,550.0","28.43M","-0.51%"
"27/06/2023","19,650.0","19,450.0","19,700.0","19,300.0","16.76M","1.55%"
"26/06/2023","19,350.0","19,650.0","19,700.0","18,900.0","33.58M","-1.78%"
"23/06/2023","19,700.0","19,650.0","19,900.0","19,400.0","30.94M","0.25%"
"22/06/2023","19,650.0","19,850.0","20,000.0","19,500.0","27.52M","-0.51%"
"21/06/2023","19,750.0","19,650.0","19,950.0","19,500.0","28.17M","0.77%"
"20/06/2023","19,600.0","19,200.0","19,600.0","18,850.0","29.63M","2.08%"
"19/06/2023","19,200.0","19,600.0","19,750.0","19,200.0","28.66M","-1.03%"
"16/06/2023","19,400.0","19,400.0","20,400.0","19,350.0","69.37M","1.57%"
"15/06/2023","19,100.0","18,700.0","19,100.0","18,650.0","34.13M","2.14%"
"14/06/2023","18,700.0","18,800.0","19,150.0","18,650.0","38.79M","0.27%"
"13/06/2023","18,650.0","18,950.0","19,050.0","18,600.0","25.97M","-1.06%"
"12/06/2023","18,850.0","19,000.0","19,050.0","18,350.0","24.09M","-0.53%"
"09/06/2023","18,950.0","18,300.0","19,000.0","18,100.0","43.03M","4.70%"
"08/06/2023","18,100.0","19,200.0","19,500.0","18,100.0","66.28M","-5.97%"
"07/06/2023","19,250.0","19,450.0","19,450.0","19,000.0","28.30M","-0.26%"
"06/06/2023","19,300.0","18,050.0","19,300.0","17,950.0","52.22M","6.93%"
"05/06/2023","18,050.0","18,600.0","18,600.0","17,950.0","38.17M","-1.37%"
"02/06/2023","18,300.0","18,350.0","18,650.0","18,100.0","29.90M","0.55%"
"01/06/2023","18,200.0","17,500.0","18,300.0","17,300.0","36.68M","4.00%"
"31/05/2023","17,500.0","17,400.0","17,850.0","17,250.0","38.03M","0.57%"
"30/05/2023","17,400.0","17,250.0","17,450.0","17,050.0","40.64M","2.05%"
"29/05/2023","17,050.0","16,200.0","17,050.0","16,150.0","44.83M","6.90%"
"26/05/2023","15,950.0","15,950.0","16,200.0","15,850.0","17.48M","0.63%"
"25/05/2023","15,850.0","16,000.0","16,150.0","15,800.0","26.76M","-1.55%"
"24/05/2023","16,100.0","16,700.0","16,700.0","16,100.0","38.54M","-2.13%"
"23/05/2023","16,450.0","16,300.0","16,700.0","16,200.0","46.12M","1.54%"
"22/05/2023","16,200.0","16,250.0","16,500.0","16,100.0","24.46M","0.62%"
"19/05/2023","16,100.0","15,600.0","16,250.0","15,500.0","72.10M","3.87%"
"18/05/2023","15,500.0","15,350.0","15,800.0","15,250.0","19.19M","1.64%"
"17/05/2023","15,250.0","15,550.0","15,700.0","15,250.0","15.60M","-2.24%"
"16/05/2023","15,600.0","15,500.0","15,800.0","15,450.0","14.62M","0.65%"
"15/05/2023","15,500.0","16,000.0","16,100.0","15,500.0","20.91M","-2.21%"
"12/05/2023","15,850.0","15,550.0","15,850.0","15,400.0","22.65M","1.93%"
"11/05/2023","15,550.0","15,400.0","15,800.0","15,350.0","23.96M","1.63%"
"10/05/2023","15,300.0","15,150.0","15,400.0","15,150.0","18.79M","1.66%"
"09/05/2023","15,050.0","15,150.0","15,200.0","15,000.0","8.65M","-0.66%"
"08/05/2023","15,150.0","14,850.0","15,150.0","14,850.0","15.77M","2.71%"
"05/05/2023","14,750.0","14,900.0","15,050.0","14,750.0","8.59M","-1.67%"
"04/05/2023","15,000.0","14,750.0","15,150.0","14,750.0","12.57M","0.67%"
"28/04/2023","14,900.0","14,700.0","14,900.0","14,600.0","13.11M","2.41%"
"27/04/2023","14,550.0","14,750.0","14,850.0","14,500.0","10.86M","-0.68%"
"26/04/2023","14,650.0","14,600.0","14,750.0","14,350.0","12.60M","0.34%"
"25/04/2023","14,600.0","14,950.0","15,100.0","14,550.0","13.47M","-2.34%"
"24/04/2023","14,950.0","15,050.0","15,150.0","14,750.0","8.93M","-0.66%"
"21/04/2023","15,050.0","14,850.0","15,350.0","14,800.0","18.47M","1.35%"
"20/04/2023","14,850.0","14,900.0","14,950.0","14,800.0","7.25M","-0.34%"
"19/04/2023","14,900.0","15,300.0","15,350.0","14,850.0","13.74M","-1.97%"
"18/04/2023","15,200.0","15,000.0","15,300.0","14,900.0","16.18M","2.01%"
"17/04/2023","14,900.0","14,850.0","15,050.0","14,700.0","10.50M","0.34%"
"14/04/2023","14,850.0","15,300.0","15,400.0","14,850.0","28.53M","-2.30%"
"13/04/2023","15,200.0","15,650.0","15,750.0","15,100.0","30.57M","-2.56%"
"12/04/2023","15,600.0","15,900.0","16,000.0","15,600.0","19.42M","-1.89%"
"11/04/2023","15,900.0","15,900.0","16,000.0","15,550.0","26.66M","0.00%"
"10/04/2023","15,900.0","16,100.0","16,450.0","15,800.0","35.57M","0.63%"
"07/04/2023","15,800.0","15,650.0","15,900.0","15,550.0","26.88M","0.96%"
"06/04/2023","15,650.0","16,300.0","16,500.0","15,650.0","35.82M","-3.40%"
"05/04/2023","16,200.0","16,100.0","16,300.0","15,950.0","18.89M","0.00%"
"04/04/2023","16,200.0","15,900.0","16,400.0","15,700.0","40.43M","1.89%"
"03/04/2023","15,900.0","15,950.0","16,000.0","15,700.0","34.68M","2.58%"
"31/03/2023","15,500.0","15,250.0","15,600.0","15,100.0","29.05M","1.64%"
"30/03/2023","15,250.0","15,700.0","15,750.0","15,200.0","23.38M","-0.97%"
"29/03/2023","15,400.0","15,250.0","15,500.0","15,150.0","15.98M","0.98%"
"28/03/2023","15,250.0","15,600.0","15,650.0","15,250.0","18.53M","-1.29%"
"27/03/2023","15,450.0","15,350.0","15,800.0","15,200.0","20.67M","0.98%"
"24/03/2023","15,300.0","15,300.0","15,550.0","15,200.0","27.50M","0.99%"
"23/03/2023","15,150.0","14,650.0","15,250.0","14,600.0","22.03M","2.36%"
"22/03/2023","14,800.0","14,900.0","15,100.0","14,750.0","16.26M","0.00%"
"21/03/2023","14,800.0","14,600.0","14,800.0","14,250.0","17.54M","3.14%"
"20/03/2023","14,350.0","14,850.0","15,000.0","14,350.0","20.87M","-4.33%"
"17/03/2023","15,000.0","15,150.0","15,150.0","14,700.0","20.47M","1.35%"
"16/03/2023","14,800.0","14,900.0","15,100.0","14,750.0","25.32M","-1.00%"
"15/03/2023","14,950.0","14,600.0","14,950.0","14,400.0","29.51M","6.79%"
"14/03/2023","14,000.0","14,550.0","14,600.0","13,950.0","14.94M","-3.45%"
"13/03/2023","14,500.0","14,300.0","14,800.0","14,300.0","18.67M","0.00%"
"10/03/2023","14,500.0","14,550.0","14,800.0","14,300.0","19.71M","-1.36%"
"09/03/2023","14,700.0","14,750.0","14,950.0","14,600.0","17.33M","0.00%"
"08/03/2023","14,700.0","14,000.0","14,700.0","13,900.0","20.44M","3.52%"
"07/03/2023","14,200.0","14,000.0","14,350.0","13,900.0","13.90M","2.53%"
"06/03/2023","13,850.0","14,000.0","14,250.0","13,750.0","13.72M","1.84%"
"03/03/2023","13,600.0","14,050.0","14,150.0","13,600.0","12.12M","-2.16%"
"02/03/2023","13,900.0","14,300.0","14,350.0","13,850.0","9.49M","-2.46%"
"01/03/2023","14,250.0","13,400.0","14,250.0","13,200.0","15.41M","5.95%"
"28/02/2023","13,450.0","13,650.0","13,850.0","13,400.0","10.30M","0.37%"
"27/02/2023","13,400.0","13,700.0","13,800.0","13,350.0","18.54M","-4.29%"
"24/02/2023","14,000.0","14,500.0","14,600.0","13,950.0","9.35M","-3.45%"
"23/02/2023","14,500.0","14,300.0","14,500.0","13,600.0","29.22M","1.40%"
"22/02/2023","14,300.0","14,850.0","15,100.0","14,300.0","28.40M","-5.61%"
"21/02/2023","15,150.0","15,650.0","15,700.0","15,150.0","18.10M","-1.94%"
"20/02/2023","15,450.0","14,500.0","15,450.0","14,450.0","25.16M","6.92%"
"17/02/2023","14,450.0","14,550.0","14,700.0","14,300.0","10.55M","-1.03%"
"16/02/2023","14,600.0","14,200.0","14,600.0","14,050.0","13.91M","4.29%"
"15/02/2023","14,000.0","13,800.0","14,250.0","13,750.0","17.45M","0.72%"
"14/02/2023","13,900.0","13,700.0","13,900.0","13,500.0","9.97M","3.35%"
"13/02/2023","13,450.0","13,800.0","13,950.0","13,100.0","20.12M","-3.93%"
"10/02/2023","14,000.0","14,350.0","14,400.0","14,000.0","13.50M","-2.78%"
"09/02/2023","14,400.0","14,600.0","14,800.0","14,350.0","8.09M","-1.37%"
"08/02/2023","14,600.0","14,600.0","14,950.0","14,100.0","15.73M","1.74%"
"07/02/2023","14,350.0","15,300.0","15,400.0","14,300.0","23.58M","-5.28%"
"06/02/2023","15,150.0","14,900.0","15,150.0","14,750.0","15.46M","0.33%"
"03/02/2023","15,100.0","15,150.0","15,400.0","14,850.0","14.08M","0.00%"
"02/02/2023","15,100.0","15,550.0","15,600.0","14,850.0","26.60M","-1.95%"
"01/02/2023","15,400.0","16,700.0","16,750.0","15,400.0","47.92M","-6.95%"
"31/01/2023","16,550.0","16,300.0","16,550.0","16,050.0","23.21M","1.85%"
"30/01/2023","16,250.0","16,300.0","16,800.0","16,050.0","25.73M","-0.31%"
"27/01/2023","16,300.0","16,750.0","16,800.0","16,300.0","35.13M","-2.69%"
"19/01/2023","16,750.0","16,000.0","16,850.0","15,950.0","30.13M","3.72%"
"18/01/2023","16,150.0","15,900.0","16,400.0","15,800.0","26.51M","1.57%"
"17/01/2023","15,900.0","15,150.0","15,950.0","15,100.0","26.78M","6.00%"
"16/01/2023","15,000.0","15,000.0","15,100.0","14,600.0","13.38M","0.67%"
"13/01/2023","14,900.0","14,900.0","15,300.0","14,700.0","23.73M","1.36%"
"12/01/2023","14,700.0","14,900.0","14,950.0","14,600.0","10.35M","-0.34%"
"11/01/2023","14,750.0","14,600.0","15,200.0","14,500.0","23.69M","2.43%"
"10/01/2023","14,400.0","14,400.0","14,700.0","14,050.0","15.19M","0.00%"
"09/01/2023","14,400.0","14,550.0","14,650.0","14,300.0","13.30M","0.70%"
"06/01/2023","14,300.0","14,400.0","14,900.0","14,300.0","20.99M","-2.05%"
"05/01/2023","14,600.0","14,500.0","14,750.0","14,100.0","16.80M","1.74%"
"04/01/2023","14,350.0","14,700.0","14,950.0","14,350.0","19.52M","-0.35%"
"03/01/2023","14,400.0","13,550.0","14,400.0","13,550.0","20.59M","6.67%"
"30/12/2022","13,500.0","13,650.0","13,850.0","13,500.0","12.60M","0.00%"
"29/12/2022","13,500.0","13,950.0","14,150.0","13,500.0","13.18M","-4.26%"
"28/12/2022","14,100.0","14,100.0","14,350.0","13,700.0","15.80M","1.08%"
"27/12/2022","13,950.0","13,000.0","13,950.0","13,000.0","22.80M","6.90%"
"26/12/2022","13,050.0","13,850.0","14,000.0","13,050.0","28.50M","-6.79%"
"23/12/2022","14,000.0","14,500.0","14,500.0","13,900.0","20.23M","-3.78%"
"22/12/2022","14,550.0","14,900.0","15,000.0","14,100.0","26.05M","-0.68%"
"21/12/2022","14,650.0","15,500.0","15,550.0","14,150.0","37.81M","-3.62%"
"20/12/2022","15,200.0","15,450.0","15,700.0","14,600.0","40.21M","-1.94%"
"19/12/2022","15,500.0","16,100.0","16,900.0","15,300.0","46.18M","-3.43%"
"16/12/2022","16,050.0","15,600.0","16,350.0","15,500.0","34.03M","0.94%"
"15/12/2022","15,900.0","15,400.0","15,950.0","15,200.0","29.04M","1.92%"
"14/12/2022","15,600.0","16,000.0","16,350.0","15,400.0","40.96M","0.97%"
"13/12/2022","15,450.0","14,400.0","15,450.0","13,900.0","45.06M","6.92%"
"12/12/2022","14,450.0","15,500.0","15,850.0","14,450.0","54.11M","-6.77%"
"09/12/2022","15,500.0","15,650.0","15,800.0","15,250.0","33.84M","1.31%"
"08/12/2022","15,300.0","14,800.0","15,300.0","14,700.0","33.88M","6.99%"
"07/12/2022","14,300.0","14,500.0","14,800.0","13,850.0","38.89M","0.00%"
"06/12/2022","14,300.0","14,700.0","15,450.0","14,050.0","63.59M","-3.70%"
"05/12/2022","14,850.0","14,800.0","14,850.0","14,400.0","43.41M","6.83%"
"02/12/2022","13,900.0","13,000.0","13,900.0","12,800.0","35.88M","6.92%"
"01/12/2022","13,000.0","14,050.0","14,200.0","12,900.0","46.76M","-4.41%"
"30/11/2022","13,600.0","13,000.0","13,600.0","12,550.0","36.16M","6.25%"
"29/11/2022","12,800.0","12,400.0","12,800.0","12,050.0","47.92M","6.67%"
"28/11/2022","12,000.0","11,700.0","12,000.0","11,600.0","34.14M","6.67%"
"25/11/2022","11,250.0","10,850.0","11,250.0","10,700.0","23.10M","6.64%"
"24/11/2022","10,550.0","10,400.0","10,800.0","10,100.0","14.88M","-0.47%"
"23/11/2022","10,600.0","11,200.0","11,450.0","10,600.0","13.54M","-6.19%"
"22/11/2022","11,300.0","11,050.0","12,000.0","10,950.0","35.66M","0.00%"
"21/11/2022","11,300.0","11,100.0","11,500.0","10,950.0","17.45M","1.80%"
"18/11/2022","11,100.0","11,000.0","11,500.0","10,350.0","30.24M","0.00%"
"17/11/2022","11,100.0","10,800.0","11,250.0","10,700.0","18.66M","5.21%"
"16/11/2022","10,550.0","9,320.0","10,550.0","9,230.0","22.96M","6.57%"
"15/11/2022","9,900.0","10,050.0","10,400.0","9,630.0","20.78M","-4.35%"
"14/11/2022","10,350.0","9,120.0","10,350.0","9,120.0","24.43M","5.61%"
"11/11/2022","9,800.0","10,000.0","10,200.0","9,670.0","20.04M","0.82%"
"10/11/2022","9,720.0","10,150.0","10,300.0","9,720.0","17.43M","-6.99%"
"09/11/2022","10,450.0","10,750.0","11,000.0","10,400.0","8.49M","-1.88%"
"08/11/2022","10,650.0","9,790.0","10,650.0","9,790.0","16.70M","1.91%"
"07/11/2022","10,450.0","11,200.0","11,300.0","10,450.0","27.99M","-6.70%"
"04/11/2022","11,200.0","11,750.0","11,800.0","11,150.0","22.89M","-6.28%"
"03/11/2022","11,950.0","11,700.0","12,100.0","11,650.0","17.83M","-1.24%"
"02/11/2022","12,100.0","11,800.0","12,350.0","11,550.0","22.06M","2.54%"
"01/11/2022","11,800.0","11,700.0","11,850.0","11,250.0","18.76M","2.61%"
"31/10/2022","11,500.0","11,900.0","11,900.0","10,900.0","25.08M","-1.71%"
"28/10/2022","11,700.0","11,700.0","12,100.0","11,550.0","24.82M","3.08%"
"27/10/2022","11,350.0","10,500.0","11,350.0","10,500.0","37.11M","6.57%"
"26/10/2022","10,650.0","11,600.0","12,000.0","10,650.0","28.09M","-6.99%"
"25/10/2022","11,450.0","11,450.0","12,700.0","11,450.0","65.49M","-6.91%"
"24/10/2022","12,300.0","12,850.0","13,000.0","12,300.0","11.77M","-6.82%"
"21/10/2022","13,200.0","14,050.0","14,200.0","13,200.0","25.28M","-6.71%"
"20/10/2022","14,150.0","14,500.0","14,600.0","14,050.0","11.01M","-2.75%"
"19/10/2022","14,550.0","14,600.0","14,900.0","14,400.0","12.99M","-0.34%"
"18/10/2022","14,600.0","14,850.0","15,150.0","14,600.0","20.88M","0.69%"
"17/10/2022","14,500.0","14,300.0","14,500.0","13,800.0","15.97M","0.00%"
"14/10/2022","14,500.0","14,400.0","14,850.0","14,200.0","26.02M","4.32%"
"13/10/2022","13,900.0","13,850.0","14,300.0","13,800.0","10.52M","-0.36%"
"12/10/2022","13,950.0","13,550.0","14,500.0","13,300.0","25.61M","2.20%"
"11/10/2022","13,650.0","14,500.0","14,600.0","13,650.0","15.41M","-6.83%"
"10/10/2022","14,650.0","13,900.0","14,850.0","13,450.0","19.68M","2.81%"
"07/10/2022","14,250.0","14,600.0","15,100.0","14,250.0","30.61M","-6.86%"
"06/10/2022","15,300.0","16,350.0","16,400.0","15,300.0","14.38M","-6.71%"
"05/10/2022","16,400.0","15,800.0","16,450.0","15,800.0","12.88M","6.49%"
"04/10/2022","15,400.0","16,700.0","16,800.0","15,400.0","20.09M","-5.52%"
"03/10/2022","16,300.0","17,200.0","17,350.0","16,300.0","15.97M","-6.86%"
"30/09/2022","17,500.0","17,400.0","17,700.0","16,400.0","21.99M","0.57%"
"29/09/2022","17,400.0","18,300.0","18,300.0","17,400.0","12.16M","-2.25%"
"28/09/2022","17,800.0","17,500.0","18,200.0","17,400.0","19.72M","1.71%"
"27/09/2022","17,500.0","17,600.0","17,750.0","17,350.0","13.33M","0.29%"
"26/09/2022","17,450.0","18,050.0","18,300.0","17,300.0","28.90M","-5.93%"
"23/09/2022","18,550.0","18,950.0","19,200.0","18,500.0","15.98M","-2.37%"
"22/09/2022","19,000.0","18,250.0","19,100.0","18,200.0","17.72M","2.70%"
"21/09/2022","18,500.0","18,500.0","18,900.0","18,300.0","10.54M","-1.60%"
"20/09/2022","18,800.0","18,000.0","18,800.0","17,850.0","16.31M","5.32%"
"19/09/2022","17,850.0","19,100.0","19,100.0","17,850.0","20.71M","-6.05%"
"16/09/2022","19,000.0","19,700.0","19,800.0","19,000.0","23.56M","-4.04%"
"15/09/2022","19,800.0","20,200.0","20,250.0","19,750.0","7.68M","-1.00%"
"14/09/2022","20,000.0","19,100.0","20,100.0","19,100.0","22.13M","0.76%"
"13/09/2022","19,850.0","20,150.0","20,250.0","19,550.0","14.81M","-1.24%"
"12/09/2022","20,100.0","20,800.0","20,850.0","20,050.0","10.41M","-1.47%"
"09/09/2022","20,400.0","20,350.0","20,400.0","19,350.0","17.79M","2.00%"
"08/09/2022","20,000.0","20,400.0","20,500.0","19,850.0","14.69M","0.00%"
"07/09/2022","20,000.0","21,400.0","21,600.0","20,000.0","28.14M","-6.54%"
"06/09/2022","21,400.0","21,650.0","21,750.0","21,350.0","10.99M","0.00%"
"05/09/2022","21,400.0","21,600.0","21,850.0","21,400.0","12.90M","-1.38%"
"31/08/2022","21,700.0","21,500.0","21,900.0","21,350.0","11.98M","0.00%"
"30/08/2022","21,700.0","22,450.0","22,550.0","21,700.0","13.19M","-2.25%"
"29/08/2022","22,200.0","21,850.0","22,200.0","20,900.0","37.94M","-0.89%"
"26/08/2022","22,400.0","22,950.0","23,000.0","22,250.0","20.43M","-2.40%"
"25/08/2022","22,950.0","22,700.0","23,300.0","22,700.0","20.64M","1.55%"
"24/08/2022","22,600.0","22,850.0","22,900.0","22,500.0","12.78M","-0.66%"
"23/08/2022","22,750.0","22,000.0","22,750.0","21,700.0","25.37M","2.48%"
"22/08/2022","22,200.0","22,600.0","22,950.0","22,100.0","19.93M","-1.99%"
"19/08/2022","22,650.0","22,450.0","22,900.0","22,300.0","15.08M","0.67%"
"18/08/2022","22,500.0","22,100.0","22,950.0","22,100.0","22.19M","1.12%"
"17/08/2022","22,250.0","22,600.0","22,750.0","22,100.0","20.99M","-0.89%"
"16/08/2022","22,450.0","22,400.0","22,700.0","22,150.0","18.92M","0.00%"
"15/08/2022","22,450.0","22,800.0","22,850.0","22,300.0","14.74M","-0.22%"
"12/08/2022","22,500.0","21,850.0","22,600.0","21,700.0","21.20M","2.51%"
"11/08/2022","21,950.0","22,500.0","22,900.0","21,650.0","37.95M","-1.13%"
"10/08/2022","22,200.0","22,250.0","22,700.0","22,150.0","21.20M","-1.55%"
"09/08/2022","22,550.0","22,100.0","22,700.0","21,800.0","21.85M","1.81%"
"08/08/2022","22,150.0","22,100.0","22,300.0","21,850.0","23.48M","0.68%"
"05/08/2022","22,000.0","21,000.0","22,350.0","20,900.0","28.98M","3.77%"
"04/08/2022","21,200.0","21,400.0","21,600.0","20,850.0","29.97M","0.24%"
"03/08/2022","21,150.0","20,500.0","21,200.0","20,450.0","26.53M","1.93%"
"02/08/2022","20,750.0","20,500.0","21,300.0","20,450.0","31.41M","1.72%"
"01/08/2022","20,400.0","19,250.0","20,400.0","19,200.0","42.53M","6.81%"
"29/07/2022","19,100.0","19,000.0","19,400.0","18,800.0","26.44M","1.33%"
"28/07/2022","18,850.0","18,700.0","19,150.0","18,400.0","17.15M","3.57%"
"27/07/2022","18,200.0","18,050.0","18,300.0","17,800.0","18.07M","0.00%"
"26/07/2022","18,200.0","18,900.0","18,950.0","18,200.0","14.05M","-2.93%"
"25/07/2022","18,750.0","18,700.0","19,200.0","18,400.0","14.92M","-1.06%"
"22/07/2022","18,950.0","19,250.0","19,400.0","18,950.0","15.43M","-1.04%"
"21/07/2022","19,150.0","19,200.0","19,550.0","19,100.0","16.01M","-0.26%"
"20/07/2022","19,200.0","19,150.0","19,650.0","19,000.0","23.70M","2.40%"
"19/07/2022","18,750.0","18,800.0","19,100.0","18,400.0","22.45M","-1.32%"
"18/07/2022","19,000.0","19,150.0","19,350.0","18,900.0","19.72M","0.53%"
"15/07/2022","18,900.0","19,450.0","19,650.0","18,900.0","22.70M","-2.07%"
"14/07/2022","19,300.0","18,200.0","19,500.0","18,100.0","30.89M","4.32%"
"13/07/2022","18,500.0","18,400.0","18,850.0","18,200.0","23.00M","1.09%"
"12/07/2022","18,300.0","17,850.0","18,500.0","17,700.0","20.23M","2.52%"
"11/07/2022","17,850.0","18,250.0","18,900.0","17,500.0","19.43M","-2.72%"
"08/07/2022","18,350.0","18,050.0","18,600.0","18,000.0","23.58M","3.67%"
"07/07/2022","17,700.0","17,550.0","18,000.0","17,150.0","21.11M","0.57%"
"06/07/2022","17,600.0","18,000.0","18,650.0","17,600.0","29.43M","-5.38%"
"05/07/2022","18,600.0","19,150.0","19,350.0","18,600.0","24.65M","-3.13%"
"04/07/2022","19,200.0","19,050.0","19,700.0","18,850.0","27.09M","3.23%"
"01/07/2022","18,600.0","17,600.0","18,600.0","16,700.0","35.63M","6.90%"
"30/06/2022","17,400.0","18,600.0","19,100.0","17,400.0","32.01M","-6.20%"
"29/06/2022","18,550.0","18,050.0","19,200.0","17,950.0","30.99M","1.37%"
"28/06/2022","18,300.0","18,400.0","18,900.0","18,100.0","23.86M","-0.54%"
"27/06/2022","18,400.0","17,500.0","18,400.0","17,200.0","25.20M","6.98%"
"24/06/2022","17,200.0","16,850.0","17,850.0","16,650.0","26.59M","1.47%"
"23/06/2022","16,950.0","16,700.0","17,000.0","16,000.0","16.57M","-0.29%"
"22/06/2022","17,000.0","16,550.0","17,000.0","16,400.0","25.63M","6.92%"
"21/06/2022","15,900.0","15,300.0","16,800.0","14,850.0","28.57M","0.95%"
"20/06/2022","15,750.0","17,450.0","17,650.0","15,750.0","29.31M","-6.80%"
"17/06/2022","16,900.0","17,100.0","17,500.0","16,900.0","28.72M","-6.89%"
"16/06/2022","18,150.0","19,950.0","20,000.0","18,100.0","26.01M","-6.68%"
"15/06/2022","19,450.0","20,500.0","21,300.0","19,450.0","30.21M","-6.94%"
"14/06/2022","20,900.0","21,500.0","22,300.0","20,800.0","10.12M","-6.49%"
"13/06/2022","22,350.0","22,600.0","23,300.0","22,350.0","10.70M","-6.88%"
"10/06/2022","24,000.0","24,600.0","24,900.0","24,000.0","6.29M","-3.81%"
"09/06/2022","24,950.0","25,000.0","25,400.0","24,700.0","6.61M","1.01%"
"08/06/2022","24,700.0","24,350.0","25,200.0","23,850.0","8.70M","3.35%"
"07/06/2022","23,900.0","23,950.0","24,050.0","22,500.0","9.66M","-0.83%"
"06/06/2022","24,100.0","24,250.0","25,000.0","23,950.0","6.12M","-1.03%"
"03/06/2022","24,350.0","24,650.0","24,900.0","24,050.0","8.60M","-2.01%"
"02/06/2022","24,850.0","25,500.0","25,950.0","24,600.0","10.98M","-2.36%"
"01/06/2022","25,450.0","25,000.0","25,900.0","24,600.0","9.03M","0.79%"
"31/05/2022","25,250.0","25,000.0","25,700.0","24,600.0","10.69M","1.20%"
"30/05/2022","24,950.0","24,650.0","25,300.0","24,450.0","10.66M","2.04%"
"27/05/2022","24,450.0","24,350.0","24,950.0","24,000.0","8.74M","0.41%"
"26/05/2022","24,350.0","24,500.0","25,500.0","24,200.0","7.95M","0.21%"
"25/05/2022","24,300.0","23,516.0","24,692.0","23,418.0","9.62M","3.33%"
"24/05/2022","23,516.0","22,830.0","23,516.0","21,263.0","13.60M","3.00%"
"23/05/2022","22,830.0","24,300.0","24,349.0","22,438.0","10.08M","-5.29%"
"20/05/2022","24,104.0","24,986.0","25,182.0","24,006.0","9.34M","-2.38%"
"19/05/2022","24,692.0","23,516.0","24,888.0","23,418.0","8.42M","1.82%"
"18/05/2022","24,251.0","24,496.0","25,280.0","23,908.0","10.79M","2.27%"
"17/05/2022","23,712.0","21,997.0","23,712.0","21,458.0","8.21M","6.84%"
"16/05/2022","22,193.0","22,536.0","22,977.0","21,556.0","8.47M","3.19%"
"13/05/2022","21,507.0","23,026.0","23,222.0","21,507.0","17.31M","-6.80%"
"12/05/2022","23,075.0","24,006.0","24,496.0","23,075.0","8.09M","-6.92%"
"11/05/2022","24,790.0","25,084.0","25,378.0","24,349.0","4.53M","-0.98%"
"10/05/2022","25,035.0","23,222.0","25,329.0","23,124.0","11.67M","1.59%"
"09/05/2022","24,643.0","25,280.0","25,868.0","24,643.0","14.59M","-6.85%"
"06/05/2022","26,456.0","27,338.0","28,072.0","26,456.0","14.96M","-6.89%"
"05/05/2022","28,415.0","29,836.0","29,983.0","28,072.0","10.87M","-3.33%"
"04/05/2022","29,395.0","30,081.0","30,669.0","29,395.0","7.95M","-3.23%"
"29/04/2022","30,375.0","29,542.0","30,767.0","29,444.0","10.43M","1.97%"
"28/04/2022","29,787.0","30,326.0","30,914.0","29,689.0","9.71M","-2.56%"
"27/04/2022","30,571.0","30,375.0","31,110.0","29,934.0","7.46M","-0.95%"
"26/04/2022","30,865.0","28,415.0","30,865.0","26,897.0","15.52M","6.96%"
"25/04/2022","28,856.0","31,012.0","31,502.0","28,856.0","16.40M","-6.95%"
"22/04/2022","31,012.0","32,335.0","32,678.0","29,934.0","13.20M","-2.16%"
"21/04/2022","31,698.0","29,689.0","31,747.0","29,493.0","14.54M","6.77%"
"20/04/2022","29,689.0","29,395.0","30,767.0","29,003.0","13.76M","1.00%"
"19/04/2022","29,395.0","31,649.0","32,384.0","29,395.0","15.77M","-6.83%"
"18/04/2022","31,551.0","32,139.0","32,825.0","30,865.0","18.70M","-4.45%"
"15/04/2022","33,021.0","33,510.0","34,539.0","32,825.0","12.86M","-2.46%"
"14/04/2022","33,853.0","34,784.0","35,225.0","33,657.0","12.34M","-2.13%"
"13/04/2022","34,588.0","32,433.0","34,588.0","31,159.0","16.66M","6.97%"
"12/04/2022","32,335.0","35,078.0","35,078.0","32,335.0","16.61M","-5.98%"
"08/04/2022","34,392.0","34,294.0","35,274.0","33,853.0","17.99M","0.29%"
"07/04/2022","34,294.0","34,784.0","36,254.0","34,294.0","23.24M","-1.41%"
"06/04/2022","34,784.0","33,315.0","35,274.0","33,315.0","18.82M","2.60%"
"05/04/2022","33,902.0","33,413.0","35,372.0","33,413.0","17.04M","2.06%"
"04/04/2022","33,217.0","31,747.0","33,217.0","31,698.0","28.16M","6.94%"
"01/04/2022","31,061.0","29,885.0","31,159.0","29,493.0","7.85M","3.94%"
"31/03/2022","29,885.0","30,473.0","30,620.0","29,689.0","4.55M","-1.45%"
"30/03/2022","30,326.0","29,983.0","30,816.0","29,689.0","5.88M","0.16%"
"29/03/2022","30,277.0","30,277.0","30,620.0","29,885.0","5.30M","2.32%"
"28/03/2022","29,591.0","29,983.0","30,375.0","29,199.0","10.10M","-2.89%"
"25/03/2022","30,473.0","30,669.0","31,159.0","30,375.0","8.46M","-1.27%"
"24/03/2022","30,865.0","31,306.0","31,355.0","30,865.0","8.94M","-1.41%"
"23/03/2022","31,306.0","31,551.0","31,845.0","31,208.0","6.82M","-0.62%"
"22/03/2022","31,502.0","31,355.0","32,237.0","31,306.0","8.16M","0.47%"
"21/03/2022","31,355.0","31,404.0","31,649.0","31,061.0","6.94M","0.16%"
"18/03/2022","31,305.9","31,354.8","31,746.8","31,060.9","13.11M","-0.47%"
"17/03/2022","31,452.8","32,334.7","32,334.7","31,354.8","6.10M","-1.38%"
"16/03/2022","31,893.8","32,530.7","32,530.7","31,795.8","4.87M","-0.15%"
"15/03/2022","31,942.8","31,256.9","32,873.6","31,109.9","8.55M","2.68%"
"14/03/2022","31,109.9","31,452.8","31,697.8","30,718.0","7.35M","-2.31%"
"11/03/2022","31,844.8","33,363.5","33,363.5","31,844.8","32.60M","2.04%"
"10/03/2022","31,207.9","31,207.9","31,207.9","31,207.9","2.00M","6.80%"
"09/03/2022","29,220.2","29,975.6","30,094.9","29,220.2","29.10M","-2.00%"
"08/03/2022","29,816.6","29,896.1","30,611.7","29,816.6","17.84M","-1.45%"
"07/03/2022","30,253.9","30,333.4","30,810.5","30,214.1","16.47M","-1.17%"
"04/03/2022","30,611.7","30,810.5","31,367.0","30,611.7","11.32M","0.26%"
"03/03/2022","30,532.2","30,333.4","30,571.9","29,856.3","10.40M","1.19%"
"02/03/2022","30,174.4","30,850.2","31,128.5","30,015.3","24.88M","-3.31%"
"01/03/2022","31,208.0","31,486.3","31,685.1","30,929.7","16.12M","-0.38%"
"28/02/2022","31,327.3","31,605.6","31,923.6","30,969.5","14.76M","0.90%"
"25/02/2022","31,049.0","30,611.7","32,201.9","30,452.7","27.44M","2.76%"
"24/02/2022","30,214.1","29,458.8","30,770.7","28,623.9","23.67M","2.15%"
"23/02/2022","29,578.0","29,458.8","29,776.8","29,339.5","5.75M","1.22%"
"22/02/2022","29,220.2","29,299.7","29,737.1","28,822.7","11.19M","-2.13%"
"21/02/2022","29,856.3","28,862.4","30,214.1","28,822.7","14.23M","4.16%"
"18/02/2022","28,663.7","27,868.5","28,981.7","27,749.3","11.88M","1.41%"
"17/02/2022","28,266.1","28,425.1","28,584.1","28,107.1","6.24M","-0.56%"
"16/02/2022","28,425.1","28,226.3","29,021.5","28,027.6","6.78M","1.71%"
"15/02/2022","27,948.1","27,431.2","28,067.3","26,834.9","10.10M","3.38%"
"14/02/2022","27,033.7","27,709.5","28,226.3","27,033.7","11.15M","-4.89%"
"11/02/2022","28,425.1","28,067.3","28,703.4","27,908.3","7.86M","0.70%"
"10/02/2022","28,226.3","28,584.1","28,902.2","27,868.5","6.70M","-1.39%"
"09/02/2022","28,623.9","27,828.8","28,981.7","27,630.0","12.46M","2.86%"
"08/02/2022","27,828.8","28,027.6","28,027.6","27,113.2","6.73M","-0.57%"
"07/02/2022","27,987.8","27,749.3","28,544.4","27,510.8","10.00M","2.03%"
"28/01/2022","27,431.2","25,841.0","27,431.2","25,761.5","11.62M","6.15%"
"27/01/2022","25,841.0","24,807.4","26,556.6","24,688.1","10.63M","3.34%"
"26/01/2022","25,006.2","25,045.9","25,602.5","24,449.6","11.23M","0.32%"
"25/01/2022","24,926.6","24,091.8","25,045.9","23,495.5","10.01M","2.45%"
"24/01/2022","24,330.3","25,403.7","25,761.5","24,330.3","26.68M","-6.99%"
"21/01/2022","26,159.1","26,914.4","26,914.4","26,119.3","8.23M","-2.95%"
"20/01/2022","26,954.2","26,636.1","27,630.0","25,761.5","12.99M","1.65%"
"19/01/2022","26,516.9","25,642.2","26,516.9","25,324.2","14.10M","6.89%"
"18/01/2022","24,807.4","25,880.8","26,238.6","24,807.4","25.09M","-6.87%"
"17/01/2022","26,636.1","28,623.9","28,782.9","26,636.1","38.87M","-6.94%"
"14/01/2022","28,623.9","28,623.9","29,339.5","28,623.9","9.30M","-1.23%"
"13/01/2022","28,981.7","30,571.9","30,770.7","28,703.4","14.44M","-4.58%"
"12/01/2022","30,373.1","28,822.7","30,492.4","28,623.9","19.67M","4.66%"
"11/01/2022","29,021.5","31,406.8","31,406.8","29,021.5","24.51M","-5.44%"
"10/01/2022","30,691.2","31,605.6","32,042.9","30,691.2","27.87M","-3.50%"
"07/01/2022","31,804.3","32,003.1","32,480.2","31,685.1","15.00M","-1.48%"
"06/01/2022","32,281.4","32,519.9","33,036.8","32,201.9","13.89M","-1.10%"
"05/01/2022","32,639.2","32,997.0","33,712.6","32,639.2","16.19M","-1.08%"
"04/01/2022","32,997.0","32,639.2","33,553.6","32,599.4","12.66M","1.22%"
"31/12/2021","32,599.4","33,315.0","33,315.0","32,360.9","9.05M","-0.97%"
"30/12/2021","32,917.5","31,764.6","32,997.0","31,406.8","17.30M","4.81%"
"29/12/2021","31,406.8","31,128.5","31,923.6","30,691.2","11.48M","0.64%"
"28/12/2021","31,208.0","31,844.1","32,281.4","31,208.0","13.73M","-1.87%"
"27/12/2021","31,804.3","32,241.6","32,758.5","31,804.3","8.26M","0.12%"
"24/12/2021","31,764.6","31,406.8","32,162.1","30,611.7","11.25M","1.40%"
"23/12/2021","31,327.3","32,798.2","32,997.0","31,009.2","30.52M","-5.40%"
"22/12/2021","33,116.3","33,990.9","33,990.9","32,917.5","18.03M","-1.77%"
"21/12/2021","33,712.6","34,030.6","34,308.9","33,474.1","14.27M","-0.47%"
"20/12/2021","33,871.6","32,201.9","33,990.9","31,804.3","25.15M","6.50%"
"17/12/2021","31,804.3","30,850.2","31,804.3","30,412.9","24.60M","3.90%"
"16/12/2021","30,611.7","31,446.5","31,764.6","30,373.1","23.68M","-2.53%"
"15/12/2021","31,406.8","32,042.9","32,281.4","31,406.8","10.60M","-2.11%"
"14/12/2021","32,082.6","32,162.1","32,519.9","31,486.3","12.66M","0.25%"
"13/12/2021","32,003.1","31,565.8","32,201.9","31,049.0","16.66M","1.90%"
"10/12/2021","31,406.8","31,605.6","32,082.6","31,009.2","11.30M","-1.13%"
"09/12/2021","31,764.6","29,975.6","31,764.6","29,856.3","13.54M","5.27%"
"08/12/2021","30,174.4","30,055.1","30,412.9","29,617.8","11.14M","1.61%"
"07/12/2021","29,697.3","29,975.6","30,055.1","29,061.2","12.24M","1.08%"
"06/12/2021","29,379.3","29,419.0","30,412.9","28,663.7","22.24M","1.23%"
"03/12/2021","29,021.5","31,168.2","31,208.0","29,021.5","20.85M","-6.05%"
"02/12/2021","30,890.0","30,890.0","31,605.6","30,651.4","9.22M","-0.38%"
"01/12/2021","31,009.2","31,287.5","31,406.8","30,611.7","17.32M","-1.27%"
"30/11/2021","31,406.8","32,400.7","32,440.4","30,850.2","19.99M","-1.13%"
"29/11/2021","31,764.6","30,611.7","32,003.1","30,293.6","13.96M","2.44%"
"26/11/2021","31,009.2","32,241.6","32,400.7","30,810.5","32.62M","-3.82%"
"25/11/2021","32,241.6","32,241.6","32,957.2","31,844.1","14.71M","-0.37%"
"24/11/2021","32,360.9","32,519.9","32,877.7","31,844.1","15.09M","0.87%"
"23/11/2021","32,082.6","30,055.1","32,082.6","29,737.1","18.38M","6.89%"
"22/11/2021","30,015.3","29,816.6","30,810.5","28,981.7","23.62M","0.67%"
"19/11/2021","29,816.6","31,009.2","31,088.7","28,703.4","29.59M","-3.35%"
"18/11/2021","30,850.2","30,571.9","31,605.6","30,015.3","20.54M","4.44%"
"17/11/2021","29,538.3","28,544.4","29,538.3","28,146.8","29.90M","6.91%"
"16/11/2021","27,630.0","27,630.0","28,305.9","27,272.2","17.72M","-1.00%"
"15/11/2021","27,908.3","28,266.1","28,782.9","27,431.2","15.55M","0.43%"
"12/11/2021","27,789.0","27,510.8","27,828.8","27,033.7","14.23M","1.89%"
"11/11/2021","27,272.2","27,828.8","28,305.9","26,556.6","32.95M","-1.15%"
"10/11/2021","27,590.3","28,027.6","28,146.8","27,113.2","19.39M","-0.14%"
"09/11/2021","27,630.0","26,675.9","27,630.0","26,556.6","19.09M","2.66%"
"08/11/2021","26,914.4","25,642.2","27,232.5","25,642.2","23.30M","5.12%"
"05/11/2021","25,602.5","26,079.6","26,079.6","25,523.0","17.08M","0.78%"
"04/11/2021","25,403.7","24,131.5","25,403.7","23,853.3","30.08M","6.86%"
"03/11/2021","23,773.7","24,091.8","24,529.1","23,575.0","25.28M","-1.32%"
"02/11/2021","24,091.8","23,495.5","24,449.6","23,097.9","21.99M","2.54%"
"01/11/2021","23,495.5","22,859.4","23,654.5","22,700.3","27.43M","3.68%"
"29/10/2021","22,660.6","22,581.1","22,899.1","22,143.8","20.99M","1.24%"
"28/10/2021","22,382.3","21,547.4","22,660.6","21,507.7","41.78M","5.23%"
"27/10/2021","21,269.2","20,593.3","21,269.2","20,354.8","17.44M","4.49%"
"26/10/2021","20,354.8","19,877.7","20,434.3","19,778.3","8.92M","1.19%"
"25/10/2021","20,116.2","20,672.8","20,712.6","20,116.2","19.04M","-3.07%"
"22/10/2021","20,752.3","21,070.4","21,110.1","20,633.1","15.67M","-1.51%"
"21/10/2021","21,070.4","21,308.9","21,308.9","20,871.6","10.12M","0.00%"
"20/10/2021","21,070.4","21,467.9","21,467.9","20,752.3","15.03M","-1.12%"
"19/10/2021","21,308.9","21,149.9","21,666.7","20,951.1","16.19M","0.94%"
"18/10/2021","21,110.1","20,513.8","21,229.4","20,434.3","25.66M","3.11%"
"15/10/2021","20,474.0","20,474.0","20,672.8","20,394.5","10.04M","0.39%"
"14/10/2021","20,394.5","20,394.5","20,672.8","20,116.2","21.23M","0.00%"
"13/10/2021","20,394.5","20,672.8","20,831.8","20,235.5","8.70M","-1.16%"
"12/10/2021","20,633.1","20,871.6","20,871.6","20,553.6","9.13M","-0.76%"
"11/10/2021","20,792.1","20,593.3","20,871.6","20,394.5","10.23M","1.95%"
"08/10/2021","20,394.5","20,315.0","20,593.3","20,195.8","10.92M","0.59%"
"07/10/2021","20,275.3","20,195.8","20,474.0","19,838.0","12.21M","0.79%"
"06/10/2021","20,116.2","20,275.3","20,275.3","19,997.0","7.80M","0.00%"
"05/10/2021","20,116.2","19,599.4","20,394.5","19,519.9","18.36M","4.33%"
"04/10/2021","19,281.4","19,500.0","19,559.7","19,003.1","21.73M","-2.02%"
"01/10/2021","19,678.9","20,076.5","20,315.0","19,678.9","18.14M","-2.94%"
"30/09/2021","20,275.3","20,235.5","20,474.0","20,036.7","8.68M","0.39%"
"29/09/2021","20,195.8","20,275.3","20,354.8","20,036.7","10.34M","-1.36%"
"28/09/2021","20,474.0","19,917.5","20,553.6","19,758.4","11.69M","2.59%"
"27/09/2021","19,957.2","20,951.1","21,070.4","19,957.2","22.50M","-4.56%"
"24/09/2021","20,911.4","21,149.9","21,308.9","20,911.4","7.55M","-1.87%"
"23/09/2021","21,308.9","21,428.2","21,666.7","21,149.9","13.07M","0.37%"
"22/09/2021","21,229.4","21,070.4","21,269.2","20,672.8","13.61M","0.95%"
"21/09/2021","21,030.6","21,030.6","21,229.4","20,712.6","18.11M","-1.31%"
"20/09/2021","21,308.9","21,825.7","21,984.7","21,269.2","17.44M","-1.29%"
"17/09/2021","21,587.2","20,990.9","22,064.3","20,911.4","30.23M","3.04%"
"16/09/2021","20,951.1","21,348.7","21,348.7","20,911.4","9.05M","-1.50%"
"15/09/2021","21,269.2","20,712.6","21,348.7","20,712.6","14.99M","0.75%"
"14/09/2021","21,110.1","21,467.9","21,587.2","21,110.1","12.16M","-1.85%"
"13/09/2021","21,507.7","21,308.9","21,666.7","20,871.6","22.92M","0.74%"
"10/09/2021","21,348.7","21,149.9","21,626.9","20,990.9","28.28M","1.51%"
"09/09/2021","21,030.6","20,672.8","21,030.6","20,672.8","15.63M","0.76%"
"08/09/2021","20,871.6","21,149.9","21,229.4","20,672.8","20.83M","0.96%"
"07/09/2021","20,672.8","20,275.3","21,030.6","20,275.3","26.15M","2.77%"
"06/09/2021","20,116.2","20,394.5","20,672.8","19,838.0","29.93M","0.00%"
"27/08/2021","20,116.2","20,156.0","20,275.3","19,519.9","23.28M","-0.39%"
"26/08/2021","20,195.8","20,394.5","20,553.6","19,877.7","17.57M","-1.36%"
"25/08/2021","20,474.0","19,678.9","20,474.0","19,321.1","21.89M","3.00%"
"24/08/2021","19,877.7","21,189.6","21,269.2","19,201.9","54.82M","-6.19%"
"23/08/2021","21,189.6","21,070.4","21,666.7","20,752.3","33.57M","0.57%"
"20/08/2021","21,070.4","21,507.7","21,786.0","20,672.8","51.75M","-2.03%"
"19/08/2021","21,507.7","21,269.2","21,587.2","21,030.6","20.67M","1.50%"
"18/08/2021","21,189.6","21,189.6","21,706.5","20,752.3","34.76M","1.14%"
"17/08/2021","20,951.1","21,070.4","21,070.4","20,593.3","46.69M","-0.75%"
"16/08/2021","21,110.1","20,434.3","21,428.2","20,434.3","32.01M","3.31%"
"13/08/2021","20,434.3","19,599.4","20,474.0","19,559.7","22.05M","3.63%"
"12/08/2021","19,718.7","19,838.0","20,156.0","19,480.2","20.58M","-0.80%"
"11/08/2021","19,877.7","20,394.5","20,513.8","19,877.7","27.21M","-2.53%"
"10/08/2021","20,394.5","20,712.6","20,951.1","20,235.5","25.45M","-1.35%"
"09/08/2021","20,672.8","19,917.5","21,189.6","19,480.2","27.27M","3.79%"
"06/08/2021","19,917.5","20,354.8","20,434.3","19,917.5","27.40M","-2.15%"
"05/08/2021","20,354.8","19,798.2","20,513.8","19,519.9","22.88M","2.81%"
"04/08/2021","19,798.2","19,838.0","20,156.0","19,559.7","22.47M","-0.20%"
"03/08/2021","19,838.0","18,287.5","19,838.0","18,168.2","45.95M","8.48%"
"02/08/2021","18,287.5","18,327.2","18,605.5","18,009.2","22.86M","-0.22%"
"30/07/2021","18,327.2","18,247.7","18,605.5","18,009.2","32.54M","0.44%"
"29/07/2021","18,247.7","17,412.9","18,247.7","17,412.9","25.18M","5.27%"
"28/07/2021","17,333.4","17,174.3","17,611.7","17,174.3","15.34M","0.23%"
"27/07/2021","17,293.6","16,697.3","17,810.4","16,697.3","31.35M","3.82%"
"26/07/2021","16,657.5","16,100.9","16,816.5","14,987.8","14.66M","0.48%"
"23/07/2021","16,578.0","17,174.3","17,214.1","16,578.0","22.78M","-3.47%"
"22/07/2021","17,174.3","16,458.7","17,412.9","16,220.2","18.50M","4.35%"
"21/07/2021","16,458.7","16,458.7","16,896.1","16,180.5","14.63M","0.00%"
"20/07/2021","16,458.7","15,067.3","16,458.7","14,789.0","19.99M","9.52%"
"19/07/2021","15,027.5","16,140.7","16,140.7","14,987.8","16.83M","-7.58%"
"16/07/2021","16,260.0","16,379.2","16,617.8","16,180.5","9.96M","-0.73%"
"15/07/2021","16,379.2","15,385.3","16,657.5","15,186.6","12.47M","5.91%"
"14/07/2021","15,464.9","15,862.4","16,061.2","15,107.1","9.34M","-2.01%"
"13/07/2021","15,782.9","15,027.5","15,782.9","15,027.5","13.76M","5.03%"
"12/07/2021","15,027.5","16,697.3","16,856.3","14,987.8","31.11M","-9.57%"
"09/07/2021","16,617.8","17,412.9","17,452.6","16,260.0","19.47M","-4.13%"
"08/07/2021","17,333.4","17,889.9","17,889.9","17,174.3","13.88M","-2.02%"
"07/07/2021","17,691.2","16,617.8","17,691.2","16,458.7","25.42M","3.97%"
"06/07/2021","17,015.3","18,883.8","19,082.6","17,015.3","20.34M","-9.89%"
"05/07/2021","18,883.8","19,241.6","19,480.2","18,446.5","15.87M","-1.86%"
"02/07/2021","19,241.6","18,526.0","19,877.7","18,406.8","23.41M","4.31%"
"01/07/2021","18,446.5","17,889.9","18,605.5","17,651.4","23.39M","4.50%"
"30/06/2021","17,651.4","17,969.5","18,009.2","17,651.4","13.70M","-1.77%"
"29/06/2021","17,969.5","18,128.5","18,406.8","17,691.2","15.09M","-0.66%"
"28/06/2021","18,088.7","17,889.9","18,486.3","17,889.9","14.76M","1.11%"
"25/06/2021","17,889.9","16,975.6","17,969.5","16,896.1","25.89M","5.39%"
"24/06/2021","16,975.6","17,094.8","17,333.4","16,776.8","6.58M","-0.47%"
"23/06/2021","17,055.1","16,856.3","17,293.6","16,498.5","10.59M","1.90%"
"22/06/2021","16,737.0","16,697.3","17,015.3","16,697.3","10.75M","0.24%"
"21/06/2021","16,697.3","17,373.1","17,373.1","16,697.3","15.34M","-3.89%"
"18/06/2021","17,373.1","17,452.6","17,889.9","17,094.8","10.75M","-0.46%"
"17/06/2021","17,452.6","16,697.3","17,492.4","15,504.6","14.12M","2.81%"
"16/06/2021","16,975.6","17,770.7","17,770.7","16,617.8","22.13M","-4.47%"
"15/06/2021","17,770.7","17,293.6","18,088.7","16,737.0","23.63M","2.76%"
"14/06/2021","17,293.6","17,253.9","17,373.1","15,822.7","24.04M","9.30%"
"11/06/2021","15,822.7","14,987.8","16,061.2","14,789.0","26.65M","5.57%"
"10/06/2021","14,987.8","15,782.9","15,782.9","14,868.5","44.76M","4.58%"
"09/06/2021","14,331.8","13,038.0","14,331.8","12,789.2","28.64M","9.92%"
"08/06/2021","13,038.0","14,182.5","14,655.3","13,038.0","22.68M","-8.07%"
"07/06/2021","14,182.5","15,028.5","15,128.0","13,684.9","33.88M","-5.63%"
"04/06/2021","15,028.5","15,302.2","15,799.8","14,680.2","25.36M","-1.31%"
"03/06/2021","15,227.6","15,177.8","15,227.6","13,933.7","31.38M","9.87%"
"02/06/2021","13,859.1","12,615.0","13,859.1","12,366.2","26.55M","9.86%"
"01/06/2021","12,615.0","12,415.9","12,639.9","12,067.6","25.44M","2.01%"
"31/05/2021","12,366.2","11,445.6","12,440.8","11,445.6","18.62M","8.04%"
"28/05/2021","11,445.6","11,022.6","11,495.3","10,947.9","14.52M","3.84%"
"27/05/2021","11,022.6","11,346.0","11,346.0","10,699.1","17.65M","-2.85%"
"26/05/2021","11,346.0","11,346.0","11,470.4","11,246.5","9.36M","0.00%"
"25/05/2021","11,346.0","11,221.6","11,445.6","11,047.5","12.44M","1.11%"
"24/05/2021","11,221.6","11,022.6","11,296.3","10,873.3","19.19M","1.81%"
"21/05/2021","11,022.6","11,072.3","11,246.5","10,798.6","19.56M","-0.45%"
"20/05/2021","11,072.3","10,649.3","11,321.1","10,599.6","16.52M","3.97%"
"19/05/2021","10,649.3","10,276.1","10,674.2","10,201.5","15.72M","4.14%"
"18/05/2021","10,226.4","10,201.5","10,574.7","10,101.9","23.65M","0.74%"
"17/05/2021","10,151.7","10,201.5","10,325.9","10,077.1","15.20M","-0.49%"
"14/05/2021","10,201.5","10,276.1","10,400.5","10,077.1","18.65M","-0.73%"
"13/05/2021","10,276.1","10,350.8","10,574.7","10,176.6","18.36M","-0.72%"
"12/05/2021","10,350.8","10,077.1","10,375.6","9,878.0","16.58M","2.72%"
"11/05/2021","10,077.1","10,350.8","10,574.7","10,077.1","27.83M","-2.41%"
"10/05/2021","10,325.9","9,828.3","10,325.9","9,703.8","21.52M","5.06%"
"07/05/2021","9,828.3","9,529.7","10,052.2","9,430.1","23.55M","2.86%"
"06/05/2021","9,554.6","9,579.4","9,679.0","9,405.3","18.58M","-0.26%"
"05/05/2021","9,579.4","9,231.1","9,803.4","9,007.2","38.85M","3.77%"
"04/05/2021","9,231.1","8,957.4","9,256.0","8,459.8","22.33M","2.49%"
"29/04/2021","9,007.2","8,882.7","9,131.6","8,882.7","17.96M","1.40%"
"28/04/2021","8,882.7","8,733.5","9,032.0","8,683.7","17.36M","1.71%"
"27/04/2021","8,733.5","8,584.2","8,833.0","7,812.8","12.74M","0.86%"
"26/04/2021","8,658.8","8,982.3","9,081.8","8,658.8","17.86M","-4.13%"
"23/04/2021","9,032.0","8,708.6","9,032.0","8,658.8","21.30M","3.71%"
"22/04/2021","8,708.6","8,982.3","9,305.7","8,708.6","32.18M","-3.05%"
"20/04/2021","8,982.3","9,330.6","9,330.6","8,957.4","21.07M","-3.22%"
"19/04/2021","9,280.9","9,231.1","9,430.1","9,032.0","16.69M","0.81%"
"16/04/2021","9,206.2","8,982.3","9,206.2","8,584.2","36.38M","2.49%"
"15/04/2021","8,982.3","9,156.4","9,280.9","8,857.9","30.73M","-2.70%"
"14/04/2021","9,231.1","9,007.2","9,256.0","8,783.2","30.70M","2.49%"
"13/04/2021","9,007.2","9,280.8","9,504.8","8,982.3","46.89M","-2.95%"
"12/04/2021","9,280.8","8,882.8","9,280.8","8,783.2","43.85M","5.97%"
"09/04/2021","8,758.3","8,709.3","8,881.0","8,586.6","24.25M","0.56%"
"08/04/2021","8,709.3","8,365.8","8,954.6","8,341.3","30.50M","4.41%"
"07/04/2021","8,341.3","8,169.5","8,463.9","7,997.8","35.17M","2.10%"
"06/04/2021","8,169.5","8,954.6","8,954.6","8,145.0","65.16M","0.30%"
"05/04/2021","8,145.0","8,145.0","8,145.0","7,850.6","17.86M","9.93%"
"30/03/2021","7,409.0","7,212.8","7,421.3","7,126.9","26.81M","3.78%"
"29/03/2021","7,139.1","7,114.6","7,163.7","7,065.5","14.71M","1.22%"
"26/03/2021","7,053.3","6,955.1","7,090.1","6,722.1","19.83M","-0.52%"
"25/03/2021","7,090.1","7,090.1","7,163.7","6,918.4","15.11M","0.00%"
"24/03/2021","7,090.1","7,016.5","7,176.0","6,869.3","27.68M","-2.20%"
"23/03/2021","7,249.5","7,396.8","7,396.8","7,151.4","26.79M","-2.80%"
"22/03/2021","7,458.1","7,556.2","7,568.5","7,409.0","17.69M","-1.14%"
"19/03/2021","7,543.9","7,384.5","7,568.5","7,360.0","40.93M","3.19%"
"18/03/2021","7,310.9","7,163.7","7,310.9","7,126.9","24.43M","3.65%"
"17/03/2021","7,053.3","6,979.7","7,114.6","6,930.6","12.42M","0.88%"
"16/03/2021","6,992.0","7,139.1","7,139.1","6,881.5","23.84M","-2.06%"
"15/03/2021","7,139.1","7,212.8","7,225.0","7,114.6","17.87M","-1.02%"
"12/03/2021","7,212.8","7,310.9","7,335.4","7,102.4","15.11M","-1.34%"
"11/03/2021","7,310.9","7,163.7","7,458.1","7,077.8","45.10M","3.83%"
"10/03/2021","7,041.0","6,906.1","7,041.0","6,808.0","15.80M","1.59%"
"09/03/2021","6,930.6","6,967.4","7,004.2","6,746.6","11.09M","-1.57%"
"08/03/2021","7,041.0","6,992.0","7,102.4","6,918.4","22.84M","4.36%"
"05/03/2021","6,746.6","6,734.4","6,795.7","6,574.9","19.61M","-0.72%"
"04/03/2021","6,795.7","7,090.1","7,090.1","6,624.0","20.09M","-3.99%"
"03/03/2021","7,077.8","7,065.5","7,163.7","7,016.5","13.63M","-0.52%"
"02/03/2021","7,114.6","7,310.9","7,323.1","7,016.5","20.67M","-0.68%"
"01/03/2021","7,163.7","6,893.8","7,163.7","6,795.7","26.56M","5.42%"
"26/02/2021","6,795.7","6,673.0","6,820.2","6,648.5","11.74M","-0.54%"
"25/02/2021","6,832.5","6,869.3","6,869.3","6,722.1","10.48M","0.18%"
"24/02/2021","6,820.2","6,918.4","6,979.7","6,648.5","19.53M","0.91%"
"23/02/2021","6,758.9","6,709.8","6,869.3","6,599.4","25.78M","0.73%"
"22/02/2021","6,709.8","6,795.7","6,857.0","6,660.8","13.94M","-0.91%"
"19/02/2021","6,771.1","6,624.0","6,869.3","6,624.0","14.90M","0.36%"
"18/02/2021","6,746.6","6,869.3","6,893.8","6,722.1","16.59M","-1.79%"
"17/02/2021","6,869.3","6,820.2","6,942.9","6,734.4","16.66M","3.32%"
"09/02/2021","6,648.5","6,464.5","6,697.5","6,280.5","13.90M","4.23%"
"08/02/2021","6,378.6","6,513.5","6,820.2","6,022.9","22.61M","-1.33%"
"05/02/2021","6,464.5","6,280.5","6,501.3","6,243.7","10.50M","3.33%"
"04/02/2021","6,256.0","6,133.3","6,329.5","6,035.2","14.70M","3.66%"
"03/02/2021","6,035.2","5,814.4","6,035.2","5,765.3","13.82M","6.96%"
"02/02/2021","5,642.6","5,372.8","5,691.7","5,225.6","16.50M","5.02%"
"01/02/2021","5,372.8","5,740.8","5,888.0","5,360.5","14.91M","-6.61%"
"29/01/2021","5,753.0","5,176.5","5,912.5","5,176.5","17.94M","3.76%"
"28/01/2021","5,544.5","5,544.5","5,642.6","5,544.5","38.30M","-7.00%"
"27/01/2021","5,961.6","6,133.3","6,280.5","5,961.6","30.04M","-6.90%"
"26/01/2021","6,403.1","6,795.7","6,820.2","6,378.6","15.03M","-6.45%"
"25/01/2021","6,844.8","6,636.2","7,065.5","6,587.1","20.95M","-0.18%"
"22/01/2021","6,857.0","7,077.8","7,139.1","6,820.2","21.15M","-3.45%"
"21/01/2021","7,102.4","7,090.1","7,114.6","6,795.7","19.16M","2.66%"
"20/01/2021","6,918.4","7,028.8","7,163.7","6,525.8","18.72M","-1.23%"
"19/01/2021","7,004.2","7,482.6","7,482.6","7,004.2","25.12M","-6.85%"
"18/01/2021","7,519.4","7,789.3","7,801.5","7,482.6","20.66M","-3.46%"
"15/01/2021","7,789.3","7,593.0","7,838.3","7,531.7","30.03M","3.42%"
"14/01/2021","7,531.7","7,114.6","7,593.0","6,967.4","33.12M","6.04%"
"13/01/2021","7,102.4","7,274.1","7,286.4","7,053.3","21.58M","-2.36%"
"12/01/2021","7,274.1","6,844.8","7,396.8","6,795.7","19.39M","4.77%"
"11/01/2021","6,942.9","7,261.8","7,323.1","6,930.6","34.80M","-4.39%"
"08/01/2021","7,261.8","7,482.6","7,482.6","7,212.8","21.80M","-1.33%"
"07/01/2021","7,360.0","7,409.0","7,433.5","7,212.8","21.76M","0.17%"
"06/01/2021","7,347.7","7,568.5","7,629.8","7,286.4","18.22M","-0.50%"
"05/01/2021","7,384.5","7,360.0","7,519.4","7,310.9","24.58M","-1.63%"
"04/01/2021","7,507.1","7,605.3","7,703.4","7,507.1","12.51M","2.00%"
"31/12/2020","7,360.0","7,261.8","7,593.0","7,212.8","15.52M","2.04%"
"30/12/2020","7,212.8","7,212.8","7,310.9","7,114.6","16.68M","-1.34%"
"29/12/2020","7,310.9","7,274.1","7,482.6","7,176.0","14.22M","-0.67%"
"28/12/2020","7,360.0","7,482.6","7,482.6","7,163.7","17.95M","3.99%"
"25/12/2020","7,077.8","6,660.8","7,077.8","6,624.0","22.23M","6.85%"
"24/12/2020","6,624.0","6,673.0","6,746.6","6,182.4","17.20M","-0.18%"
"23/12/2020","6,636.2","6,673.0","6,857.0","6,550.4","10.74M","-1.64%"
"22/12/2020","6,746.6","6,501.3","6,771.1","6,452.2","17.11M","6.59%"
"21/12/2020","6,329.5","6,206.9","6,329.5","6,157.8","10.28M","6.83%"
"18/12/2020","5,924.8","5,618.1","5,924.8","5,544.5","10.53M","6.86%"
"17/12/2020","5,544.5","5,544.5","5,630.4","5,507.7","11.32M","-1.09%"
"16/12/2020","5,605.8","5,618.1","5,753.0","5,556.8","11.30M","-0.22%"
"15/12/2020","5,618.1","5,385.0","5,654.9","5,348.2","14.58M","5.05%"
"14/12/2020","5,348.2","5,127.4","5,348.2","5,066.1","14.08M","6.86%"
"11/12/2020","5,004.8","4,808.5","5,029.3","4,759.4","9.80M","4.08%"
"10/12/2020","4,808.5","4,906.6","4,943.4","4,808.5","10.58M","-2.49%"
"09/12/2020","4,931.2","5,029.3","5,029.3","4,931.2","13.63M","0.50%"
"08/12/2020","4,906.6","4,710.4","4,992.5","4,710.4","11.67M","4.17%"
"07/12/2020","4,710.4","4,612.2","4,722.6","4,587.7","9.65M","2.67%"
"04/12/2020","4,587.7","4,636.8","4,661.3","4,550.9","7.95M","-1.58%"
"03/12/2020","4,661.3","4,661.3","4,722.6","4,624.5","6.64M","0.26%"
"02/12/2020","4,649.0","4,673.6","4,710.4","4,600.0","10.69M","0.53%"
"01/12/2020","4,624.5","4,416.0","4,624.5","4,391.4","10.62M","3.29%"
"30/11/2020","4,477.3","4,489.6","4,538.6","4,428.2","8.60M","0.27%"
"27/11/2020","4,465.0","4,293.3","4,489.6","4,293.3","16.17M","4.30%"
"26/11/2020","4,281.0","4,219.7","4,281.0","4,195.2","5.44M","1.45%"
"25/11/2020","4,219.7","4,244.2","4,281.0","4,182.9","8.36M","0.29%"
"24/11/2020","4,207.4","4,256.5","4,305.6","4,133.8","7.54M","-0.58%"
"23/11/2020","4,232.0","4,121.6","4,330.1","4,121.6","9.44M","0.88%"
"20/11/2020","4,195.2","4,293.3","4,293.3","4,146.1","9.74M","-2.01%"
"19/11/2020","4,281.0","4,379.2","4,379.2","4,268.8","6.99M","-1.41%"
"18/11/2020","4,342.4","4,244.2","4,366.9","4,232.0","9.97M","2.61%"
"17/11/2020","4,232.0","4,244.2","4,256.5","4,158.4","8.78M","1.47%"
"16/11/2020","4,170.6","4,281.0","4,281.0","4,097.0","10.31M","-1.73%"
"13/11/2020","4,244.2","4,232.0","4,305.6","4,219.7","7.56M","0.00%"
"12/11/2020","4,244.2","4,182.9","4,256.5","4,170.6","4.73M","0.00%"
"11/11/2020","4,244.2","4,244.2","4,256.5","4,158.4","5.75M","0.87%"
"10/11/2020","4,207.4","3,974.4","4,207.4","3,913.0","14.37M","6.85%"
"09/11/2020","3,937.6","3,974.4","3,974.4","3,900.8","4.64M","1.90%"
"06/11/2020","3,864.0","3,851.7","3,876.2","3,802.6","2.06M","0.32%"
"05/11/2020","3,851.7","3,839.4","3,925.3","3,814.9","3.05M","-0.95%"
"04/11/2020","3,888.5","3,765.8","3,888.5","3,765.8","7.12M","3.26%"
"03/11/2020","3,765.8","3,790.4","3,814.9","3,753.6","2.92M","0.33%"
"02/11/2020","3,753.6","3,630.9","3,802.6","3,630.9","2.73M","3.38%"
"30/10/2020","3,630.9","3,680.0","3,692.2","3,569.6","2.28M","-1.33%"
"29/10/2020","3,680.0","3,594.1","3,704.5","3,569.6","5.18M","1.01%"
"28/10/2020","3,643.2","3,729.0","3,765.8","3,557.3","11.83M","-3.26%"
"27/10/2020","3,765.8","3,778.1","3,851.7","3,729.0","10.19M","-1.60%"
"26/10/2020","3,827.2","3,949.8","3,962.1","3,827.2","4.80M","-2.50%"
"23/10/2020","3,925.3","3,949.8","3,949.8","3,888.5","2.67M","-0.31%"
"22/10/2020","3,937.6","3,839.4","3,937.6","3,802.6","4.06M","0.94%"
"21/10/2020","3,900.8","3,974.4","4,011.2","3,876.2","8.54M","-0.62%"
"20/10/2020","3,925.3","3,913.0","3,949.8","3,851.7","2.92M","0.00%"
"19/10/2020","3,925.3","3,949.8","3,986.6","3,888.5","5.98M","0.63%"
"16/10/2020","3,900.8","3,913.0","3,962.1","3,839.4","3.97M","0.32%"
"15/10/2020","3,888.5","3,913.0","3,949.8","3,814.9","4.45M","0.00%"
"14/10/2020","3,888.5","3,790.4","3,888.5","3,778.1","3.67M","2.59%"
"13/10/2020","3,790.4","3,851.7","3,851.7","3,765.8","3.43M","-2.22%"
"12/10/2020","3,876.2","3,986.6","4,011.2","3,827.2","5.91M","-0.94%"
"09/10/2020","3,913.0","3,778.1","3,925.3","3,765.8","6.50M","3.91%"
"08/10/2020","3,765.8","3,765.8","3,778.1","3,716.8","4.76M","0.00%"
"07/10/2020","3,765.8","3,753.6","3,778.1","3,716.8","5.12M","-0.32%"
"06/10/2020","3,778.1","3,765.8","3,900.8","3,729.0","8.10M","1.32%"
"05/10/2020","3,729.0","3,508.2","3,729.0","3,508.2","7.92M","6.67%"
"02/10/2020","3,496.0","3,496.0","3,508.2","3,361.0","7.48M","0.00%"
"01/10/2020","3,496.0","3,336.5","3,532.8","3,336.5","14.05M","5.56%"
"30/09/2020","3,312.0","3,312.0","3,312.0","3,275.2","6.64M","0.00%"
"29/09/2020","3,312.0","3,385.6","3,397.8","3,299.7","11.08M","-1.82%"
"28/09/2020","3,373.3","3,336.5","3,397.8","3,287.4","10.61M","2.61%"
"25/09/2020","3,287.4","3,336.5","3,336.5","3,262.9","10.72M","-0.37%"
"24/09/2020","3,299.7","3,287.4","3,324.2","3,262.9","7.80M","-0.37%"
"23/09/2020","3,312.0","3,312.0","3,361.0","3,275.2","9.05M","1.50%"
"22/09/2020","3,262.9","3,189.3","3,287.4","3,177.0","8.04M","1.53%"
"21/09/2020","3,213.8","3,238.4","3,262.9","3,189.3","7.76M","1.16%"
"18/09/2020","3,177.0","3,103.4","3,213.8","3,103.4","8.87M","2.37%"
"17/09/2020","3,103.4","3,103.4","3,115.7","3,078.9","2.19M","0.00%"
"16/09/2020","3,103.4","3,103.4","3,128.0","3,103.4","4.65M","-0.78%"
"15/09/2020","3,128.0","3,103.4","3,128.0","3,091.2","3.55M","0.79%"
"14/09/2020","3,103.4","3,078.9","3,115.7","3,078.9","1.86M","1.20%"
"11/09/2020","3,066.6","3,054.4","3,066.6","3,029.8","1.44M","0.40%"
"10/09/2020","3,054.4","3,054.4","3,078.9","3,042.1","2.23M","0.81%"
"09/09/2020","3,029.8","3,005.3","3,054.4","2,968.5","2.25M","0.00%"
"08/09/2020","3,029.8","3,005.3","3,029.8","2,968.5","1.47M","1.65%"
"07/09/2020","2,980.8","3,017.6","3,091.2","2,968.5","3.80M","-0.82%"
"04/09/2020","3,005.3","2,931.7","3,054.4","2,882.6","3.53M","0.82%"
"03/09/2020","2,980.8","3,005.3","3,017.6","2,968.5","1.55M","0.00%"
"01/09/2020","2,980.8","2,956.2","2,993.0","2,944.0","1.07M","0.83%"
"31/08/2020","2,956.2","2,980.8","3,017.6","2,944.0","1.57M","-0.82%"
"28/08/2020","2,980.8","2,956.2","3,042.1","2,944.0","4.93M","1.67%"
"27/08/2020","2,931.7","2,919.4","2,944.0","2,907.2","2.27M","0.00%"
"26/08/2020","2,931.7","2,919.4","2,931.7","2,894.9","2.42M","0.84%"
"25/08/2020","2,907.2","2,919.4","2,944.0","2,907.2","3.62M","0.00%"
"24/08/2020","2,907.2","2,858.1","2,931.7","2,858.1","3.70M","2.16%"
"21/08/2020","2,845.9","2,821.3","2,858.1","2,809.1","2.16M","0.87%"
"20/08/2020","2,821.3","2,821.3","2,845.9","2,796.8","1.19M","-0.86%"
"19/08/2020","2,845.9","2,796.8","2,845.9","2,784.5","1.33M","1.75%"
"18/08/2020","2,796.8","2,833.6","2,845.9","2,796.8","2.81M","-1.72%"
"17/08/2020","2,845.9","2,845.9","2,845.9","2,809.1","1.25M","0.00%"
"14/08/2020","2,845.9","2,882.6","2,894.9","2,821.3","1.88M","-1.28%"
"13/08/2020","2,882.6","2,870.4","2,894.9","2,858.1","3.17M","0.43%"
"12/08/2020","2,870.4","2,858.1","2,882.6","2,833.6","1.31M","0.43%"
"11/08/2020","2,858.1","2,821.3","2,870.4","2,821.3","1.97M","1.30%"
"10/08/2020","2,821.3","2,809.1","2,858.1","2,809.1","2.05M","0.44%"
"07/08/2020","2,809.1","2,809.1","2,821.3","2,784.5","1.65M","0.00%"
"06/08/2020","2,809.1","2,821.3","2,858.1","2,796.8","1.92M","-1.29%"
"05/08/2020","2,845.9","2,809.1","2,882.6","2,796.8","1.59M","0.87%"
"04/08/2020","2,821.3","2,821.3","2,845.9","2,784.5","3.86M","1.32%"
"03/08/2020","2,784.5","2,698.6","2,809.1","2,698.6","2.73M","1.34%"
"31/07/2020","2,747.7","2,674.1","2,772.3","2,661.9","1.75M","-2.18%"
"30/07/2020","2,809.1","2,772.3","2,821.3","2,772.3","1.40M","0.88%"
"29/07/2020","2,784.5","2,772.3","2,821.3","2,661.9","3.93M","-2.58%"
"28/07/2020","2,858.1","2,723.2","2,870.4","2,723.2","2.90M","4.02%"
"27/07/2020","2,747.7","2,747.7","2,821.3","2,747.7","5.79M","-6.67%"
"24/07/2020","2,944.0","3,078.9","3,078.9","2,870.4","3.23M","-4.38%"
"23/07/2020","3,078.9","3,078.9","3,078.9","2,968.5","1.71M","0.40%"
"22/07/2020","3,066.6","3,115.7","3,128.0","3,042.1","1.66M","-1.19%"
"21/07/2020","3,103.4","3,140.2","3,140.2","3,091.2","1.60M","-0.39%"
"20/07/2020","3,115.7","3,177.0","3,177.0","3,115.7","1.64M","-0.39%"
"17/07/2020","3,128.0","3,128.0","3,151.6","3,116.2","1.39M","-0.38%"
"16/07/2020","3,139.8","3,163.4","3,187.0","3,116.2","1.02M","-0.75%"
"15/07/2020","3,163.4","3,187.0","3,222.4","3,151.6","1.05M","-0.74%"
"14/07/2020","3,187.0","3,139.8","3,187.0","3,116.2","1.98M","1.50%"
"13/07/2020","3,139.8","3,104.4","3,139.8","3,104.4","1.04M","1.14%"
"10/07/2020","3,104.4","3,139.8","3,175.2","3,104.4","1.66M","-1.13%"
"09/07/2020","3,139.8","3,092.6","3,139.8","3,092.6","1.57M","1.53%"
"08/07/2020","3,092.6","3,069.0","3,104.4","3,057.1","1.43M","-0.38%"
"07/07/2020","3,104.4","3,116.2","3,163.4","3,069.0","1.66M","-0.38%"
"06/07/2020","3,116.2","3,069.0","3,139.8","3,057.1","1.26M","1.54%"
"03/07/2020","3,069.0","3,092.6","3,092.6","3,045.4","1.06M","-0.38%"
"02/07/2020","3,080.8","3,080.8","3,116.2","3,057.1","746.10K","-1.14%"
"01/07/2020","3,116.2","3,116.2","3,151.6","3,045.4","1.65M","-1.64%"
"30/06/2020","3,168.2","3,180.3","3,204.4","3,047.8","2.48M","0.00%"
"29/06/2020","3,168.2","3,204.4","3,240.5","3,096.0","2.63M","-3.66%"
"26/06/2020","3,288.7","3,276.7","3,361.0","3,204.4","1.77M","0.37%"
"25/06/2020","3,276.7","3,192.3","3,276.7","3,156.2","1.25M","0.37%"
"24/06/2020","3,264.6","3,324.9","3,373.0","3,252.6","2.79M","-1.81%"
"23/06/2020","3,324.9","3,228.5","3,361.0","3,216.4","6.50M","4.55%"
"22/06/2020","3,180.3","3,204.4","3,204.4","3,144.1","1.09M","0.00%"
"19/06/2020","3,180.3","3,108.0","3,180.3","3,108.0","1.86M","2.33%"
"18/06/2020","3,108.0","3,059.8","3,144.1","3,059.8","1.15M","-1.15%"
"17/06/2020","3,144.1","3,132.1","3,168.2","3,096.0","1.38M","0.00%"
"16/06/2020","3,144.1","2,951.4","3,144.1","2,951.4","3.26M","6.97%"
"15/06/2020","2,939.4","3,132.1","3,132.1","2,891.2","3.55M","-5.43%"
"12/06/2020","3,108.0","2,987.6","3,108.0","2,987.6","3.41M","-0.77%"
"11/06/2020","3,132.1","3,312.8","3,324.9","3,108.0","5.10M","-5.45%"
"10/06/2020","3,312.8","3,300.8","3,336.9","3,204.4","4.83M","0.73%"
"09/06/2020","3,288.7","3,348.9","3,373.0","3,276.7","4.33M","-2.50%"
"08/06/2020","3,373.0","3,397.1","3,421.2","3,336.9","4.49M","1.82%"
"05/06/2020","3,312.8","3,252.6","3,336.9","3,228.5","2.18M","1.10%"
"04/06/2020","3,276.7","3,168.2","3,312.8","3,168.2","6.94M","5.02%"
"03/06/2020","3,120.1","3,132.1","3,132.1","3,083.9","1.18M","0.39%"
"02/06/2020","3,108.0","3,168.2","3,168.2","3,071.9","2.79M","-0.77%"
"01/06/2020","3,132.1","3,096.0","3,132.1","3,083.9","2.22M","1.96%"
"29/05/2020","3,071.9","3,011.6","3,096.0","2,999.6","2.75M","0.00%"
"28/05/2020","3,071.9","3,071.9","3,108.0","3,023.7","2.52M","0.00%"
"27/05/2020","3,071.9","3,228.5","3,240.5","3,071.9","3.45M","-3.04%"
"26/05/2020","3,168.2","3,059.8","3,180.3","3,059.8","3.62M","3.95%"
"25/05/2020","3,047.8","2,987.6","3,059.8","2,987.6","3.55M","2.02%"
"22/05/2020","2,987.6","2,915.3","3,059.8","2,903.2","5.02M","2.48%"
"21/05/2020","2,915.3","2,939.4","2,939.4","2,903.2","1.12M","-0.82%"
"20/05/2020","2,939.4","2,903.2","2,939.4","2,879.1","1.45M","0.00%"
"19/05/2020","2,939.4","2,975.5","2,987.6","2,915.3","3.71M","1.67%"
"18/05/2020","2,891.2","2,867.1","2,903.2","2,843.0","2.42M","0.42%"
"15/05/2020","2,879.1","2,963.4","2,963.4","2,867.1","3.93M","-2.45%"
"14/05/2020","2,951.4","2,843.0","2,987.6","2,818.9","6.04M","1.66%"
"13/05/2020","2,903.2","2,891.2","2,951.4","2,843.0","3.93M","-1.63%"
"12/05/2020","2,951.4","2,867.1","2,987.6","2,843.0","8.72M","3.81%"
"11/05/2020","2,843.0","2,746.6","2,843.0","2,746.6","6.66M","5.83%"
"08/05/2020","2,686.4","2,674.3","2,746.6","2,674.3","4.33M","1.36%"
"07/05/2020","2,650.2","2,626.1","2,662.3","2,602.1","3.06M","0.92%"
"06/05/2020","2,626.1","2,578.0","2,626.1","2,565.9","1.65M","1.87%"
"05/05/2020","2,578.0","2,590.0","2,602.1","2,565.9","1.02M","-0.47%"
"04/05/2020","2,590.0","2,626.1","2,626.1","2,590.0","1.82M","-1.83%"
"29/04/2020","2,638.2","2,614.1","2,650.2","2,602.1","1.34M","0.92%"
"28/04/2020","2,614.1","2,650.2","2,650.2","2,578.0","3.62M","-0.91%"
"27/04/2020","2,638.2","2,650.2","2,686.4","2,626.1","2.57M","0.46%"
"24/04/2020","2,626.1","2,686.4","2,686.4","2,590.0","2.15M","-1.80%"
"23/04/2020","2,674.3","2,698.4","2,734.6","2,638.2","3.49M","-0.45%"
"22/04/2020","2,686.4","2,529.8","2,758.7","2,517.7","6.91M","1.36%"
"21/04/2020","2,650.2","2,698.4","2,770.7","2,650.2","6.97M","-6.78%"
"20/04/2020","2,843.0","2,963.4","2,975.5","2,843.0","4.15M","-3.67%"
"17/04/2020","2,951.4","2,879.1","2,951.4","2,867.1","6.16M","4.70%"
"16/04/2020","2,818.9","2,746.6","2,843.0","2,698.4","4.28M","3.08%"
"15/04/2020","2,734.6","2,710.5","2,782.8","2,710.5","2.81M","0.89%"
"14/04/2020","2,710.5","2,746.6","2,746.6","2,674.3","3.20M","-0.88%"
"13/04/2020","2,734.6","2,770.7","2,818.9","2,734.6","2.92M","-1.30%"
"10/04/2020","2,770.7","2,794.8","2,806.9","2,698.4","4.02M","0.00%"
"09/04/2020","2,770.7","2,650.2","2,830.9","2,626.1","6.17M","4.55%"
"08/04/2020","2,650.2","2,650.2","2,698.4","2,602.1","3.00M","-2.65%"
"07/04/2020","2,722.5","2,746.6","2,746.6","2,638.2","3.04M","-0.88%"
"06/04/2020","2,746.6","2,686.4","2,770.7","2,674.3","4.57M","2.24%"
"03/04/2020","2,686.4","2,674.3","2,746.6","2,650.2","1.90M","0.45%"
"01/04/2020","2,674.3","2,614.1","2,746.6","2,614.1","1.05M","-2.20%"
"31/03/2020","2,734.6","2,602.1","2,734.6","2,578.0","1.44M","0.00%"
"30/03/2020","2,734.6","2,590.0","2,746.6","2,565.9","1.33M","-0.87%"
"27/03/2020","2,758.7","2,650.2","2,770.7","2,578.0","1.50M","-0.43%"
"26/03/2020","2,770.7","2,746.6","2,770.7","2,626.1","2.39M","-1.71%"
"25/03/2020","2,818.9","2,770.7","2,855.0","2,710.5","1.63M","1.74%"
"24/03/2020","2,770.7","2,662.3","2,843.0","2,662.3","1.50M","-2.95%"
"23/03/2020","2,855.0","2,867.1","2,891.2","2,855.0","647.50K","-6.69%"
"20/03/2020","3,059.8","3,047.8","3,120.1","3,023.7","730.40K","-1.93%"
"19/03/2020","3,120.1","3,059.8","3,120.1","2,999.6","1.63M","-0.38%"
"18/03/2020","3,132.1","3,096.0","3,180.3","3,083.9","1.18M","-1.52%"
"17/03/2020","3,180.3","3,011.6","3,192.3","2,999.6","1.38M","0.00%"
"16/03/2020","3,180.3","3,108.0","3,180.3","3,011.6","2.59M","-0.75%"
"13/03/2020","3,204.4","3,011.6","3,204.4","3,011.6","2.62M","-0.75%"
"12/03/2020","3,228.5","3,457.4","3,457.4","3,228.5","764.90K","-6.94%"
"11/03/2020","3,469.4","3,228.5","3,469.4","3,108.0","1.53M","6.67%"
"10/03/2020","3,252.6","3,108.0","3,252.6","3,096.0","2.31M","0.00%"
"09/03/2020","3,252.6","3,240.5","3,252.6","3,083.9","4.92M","-1.82%"
"06/03/2020","3,312.8","3,264.6","3,312.8","3,264.6","935.30K","0.00%"
"05/03/2020","3,312.8","3,312.8","3,312.8","3,252.6","654.40K","0.00%"
"04/03/2020","3,312.8","3,264.6","3,312.8","3,228.5","1.35M","-0.36%"
"03/03/2020","3,324.9","3,252.6","3,324.9","3,204.4","2.05M","2.22%"
"02/03/2020","3,252.6","3,204.4","3,252.6","3,192.3","838.90K","0.00%"
"28/02/2020","3,252.6","3,228.5","3,252.6","3,156.2","1.12M","-1.46%"
"27/02/2020","3,300.8","3,228.5","3,300.8","3,204.4","854.10K","0.37%"
"26/02/2020","3,288.7","3,228.5","3,288.7","3,192.3","1.20M","-0.37%"
"25/02/2020","3,300.8","3,192.3","3,300.8","3,180.3","1.86M","1.11%"
"24/02/2020","3,264.6","3,300.8","3,324.9","3,180.3","2.22M","-3.56%"
"21/02/2020","3,385.1","3,348.9","3,385.1","3,324.9","1.29M","-0.35%"
"20/02/2020","3,397.1","3,373.0","3,409.2","3,336.9","801.10K","-0.70%"
"19/02/2020","3,421.2","3,348.9","3,421.2","3,336.9","1.02M","0.00%"
"18/02/2020","3,421.2","3,445.3","3,445.3","3,324.9","2.38M","-0.70%"
"17/02/2020","3,445.3","3,421.2","3,457.4","3,373.0","910.00K","0.70%"
"14/02/2020","3,421.2","3,409.2","3,421.2","3,348.9","543.10K","0.35%"
"13/02/2020","3,409.2","3,433.3","3,433.3","3,373.0","256.10K","-1.05%"
"12/02/2020","3,445.3","3,373.0","3,445.3","3,361.0","1.24M","-59.00%"
"11/02/2020","8,402.5","8,165.0","8,402.5","8,135.3","276.96K","2.17%"
"10/02/2020","8,224.3","8,224.3","8,313.4","8,194.7","50.55K","-1.42%"
"07/02/2020","8,343.1","8,313.4","8,432.2","8,194.7","253.31K","-0.35%"
"06/02/2020","8,372.8","7,927.4","8,432.2","7,927.4","336.00K","0.00%"
"05/02/2020","8,372.8","8,254.0","8,372.8","8,135.3","167.02K","0.71%"
"04/02/2020","8,313.4","8,313.4","8,313.4","7,927.4","986.76K","0.00%"
"03/02/2020","8,313.4","8,640.0","8,640.0","8,135.3","1.36M","-4.76%"
"31/01/2020","8,729.1","8,610.3","8,847.8","8,491.6","434.48K","-1.67%"
"30/01/2020","8,877.5","8,907.2","8,907.2","8,610.3","347.47K","-0.99%"
"22/01/2020","8,966.6","8,669.7","8,966.6","8,610.3","704.65K","4.14%"
"21/01/2020","8,610.3","8,610.3","8,610.3","8,550.9","242.78K","0.35%"
"20/01/2020","8,580.6","8,491.6","8,640.0","8,491.6","84.25K","0.00%"
"17/01/2020","8,580.6","8,580.6","8,580.6","8,313.4","317.32K","0.35%"
"16/01/2020","8,550.9","8,521.3","8,550.9","8,372.8","204.71K","1.41%"
"15/01/2020","8,432.2","8,461.9","8,521.3","8,402.5","175.61K","-0.35%"
"14/01/2020","8,461.9","8,343.1","8,521.3","8,343.1","185.55K","-0.35%"
"13/01/2020","8,491.6","8,491.6","8,521.3","8,432.2","174.75K","0.00%"
"10/01/2020","8,491.6","8,461.9","8,491.6","8,432.2","143.50K","0.35%"
"09/01/2020","8,461.9","8,372.8","8,461.9","8,372.8","148.08K","1.06%"
"08/01/2020","8,372.8","8,372.8","8,402.5","8,194.7","373.69K","-1.40%"
"07/01/2020","8,491.6","8,491.6","8,491.6","8,372.8","108.74K","0.00%"
"06/01/2020","8,491.6","8,432.2","8,550.9","8,372.8","238.28K","-0.69%"