Ng√†y,HSG,BVS,DCM,PNJ,VND
06/11/2024,20350.0,41200.0,37200.0,94300.0,14700.0
05/11/2024,20000.0,40000.0,36300.0,93500.0,14350.0
04/11/2024,19950.0,40200.0,36100.0,92700.0,14300.0
01/11/2024,20200.0,40100.0,36850.0,91400.0,14350.0
31/10/2024,20250.0,40700.0,37550.0,94800.0,14550.0
30/10/2024,20350.0,40800.0,37600.0,95500.0,14500.0
29/10/2024,20700.0,40800.0,38100.0,96300.0,14700.0
28/10/2024,20750.0,40700.0,37400.0,94900.0,14600.0
25/10/2024,20300.0,39800.0,36600.0,94100.0,14300.0
24/10/2024,20500.0,39200.0,36600.0,94000.0,14300.0
23/10/2024,20300.0,39800.0,36500.0,93800.0,14600.0
22/10/2024,20250.0,39300.0,36400.0,93000.0,14650.0
21/10/2024,20400.0,40500.0,36400.0,94600.0,14700.0
18/10/2024,20600.0,41600.0,36950.0,94900.0,14850.0
17/10/2024,20800.0,42000.0,36950.0,95100.0,14900.0
16/10/2024,20500.0,41700.0,36800.0,94600.0,14650.0
15/10/2024,20800.0,40900.0,37600.0,94100.0,14800.0
14/10/2024,20900.0,41300.0,37900.0,94700.0,15150.0
11/10/2024,21000.0,41400.0,37950.0,95400.0,15200.0
10/10/2024,20900.0,40500.0,37800.0,95500.0,15100.0
09/10/2024,21300.0,41100.0,38250.0,94400.0,15200.0
08/10/2024,21350.0,41400.0,37550.0,94800.0,14850.0
07/10/2024,21050.0,42479.2,37650.0,95400.0,14950.0
04/10/2024,21050.0,42184.8,37700.0,95400.0,14650.0
03/10/2024,20800.0,42675.4,37850.0,97200.0,14800.0
02/10/2024,21300.0,43656.4,38450.0,98000.0,15100.0
01/10/2024,21300.0,42577.3,38250.0,98400.0,15450.0
30/09/2024,21300.0,42479.2,38500.0,98800.0,15250.0
27/09/2024,20950.0,41694.3,38250.0,99000.0,15200.0
26/09/2024,20800.0,41596.2,38600.0,99300.0,15050.0
25/09/2024,20700.0,42381.1,39150.0,99600.0,15050.0
24/09/2024,20150.0,42086.7,38250.0,99400.0,14800.0
23/09/2024,20100.0,41400.0,38100.0,99100.0,14850.0
20/09/2024,20300.0,41400.0,37900.0,98800.0,15000.0
19/09/2024,20200.0,41890.5,37700.0,98900.0,14600.0
18/09/2024,20100.0,41203.8,37800.0,100000.0,14700.0
17/09/2024,20000.0,41596.2,37950.0,100000.0,14550.0
16/09/2024,19600.0,39241.7,37500.0,99500.0,14100.0
13/09/2024,19950.0,39143.6,38150.0,99800.0,14300.0
12/09/2024,20150.0,38456.9,37800.0,99400.0,14300.0
11/09/2024,20300.0,38358.8,37300.0,99200.0,14300.0
10/09/2024,20050.0,37966.4,37000.0,99000.0,14500.0
09/09/2024,20400.0,38456.9,37150.0,99500.0,15150.0
06/09/2024,19900.0,38653.1,37350.0,99600.0,15200.0
05/09/2024,21700.0,38653.1,36500.0,100100.0,15250.0
04/09/2024,20300.0,38849.3,37050.0,101200.0,15200.0
30/08/2024,20800.0,38653.1,37400.0,102200.0,15500.0
29/08/2024,20800.0,38555.0,37400.0,101000.0,15600.0
28/08/2024,20900.0,38653.1,37050.0,101600.0,15400.0
27/08/2024,20800.0,38555.0,37150.0,103000.0,15450.0
26/08/2024,21000.0,38751.2,36800.0,102600.0,15700.0
23/08/2024,21200.0,39143.6,37500.0,108900.0,15600.0
22/08/2024,20750.0,38849.3,37300.0,109300.0,15500.0
21/08/2024,21050.0,38849.3,37500.0,108400.0,15550.0
20/08/2024,20850.0,38653.1,37850.0,108000.0,15550.0
19/08/2024,20650.0,38260.7,37750.0,104900.0,14950.0
16/08/2024,20350.0,38456.9,37300.0,98100.0,15000.0
15/08/2024,19600.0,35023.2,35800.0,96900.0,14300.0
14/08/2024,20350.0,35023.2,36500.0,97400.0,14450.0
13/08/2024,20650.0,35415.7,36450.0,97400.0,14700.0
12/08/2024,21000.0,36102.4,36750.0,97000.0,15050.0
09/08/2024,20850.0,35513.8,36300.0,95600.0,15500.0
08/08/2024,20600.0,33846.0,35700.0,94300.0,14700.0
07/08/2024,21100.0,34630.8,36200.0,95500.0,14650.0
06/08/2024,20950.0,35121.3,35500.0,95600.0,14750.0
05/08/2024,20000.0,32864.9,34500.0,95200.0,14200.0
02/08/2024,21450.0,33846.0,36850.0,99000.0,15250.0
01/08/2024,20850.0,31393.4,35650.0,97800.0,15000.0
31/07/2024,21800.0,34042.2,37100.0,97100.0,15550.0
30/07/2024,22900.0,35317.5,37700.0,96900.0,15500.0
29/07/2024,23300.0,36298.6,37950.0,96800.0,15650.0
26/07/2024,23150.0,36004.3,36300.0,96200.0,15750.0
25/07/2024,22850.0,36102.4,35750.0,94800.0,15700.0
24/07/2024,22900.0,36298.6,35750.0,94800.0,15850.0
23/07/2024,22600.0,34728.9,35050.0,93800.0,15700.0
22/07/2024,22850.0,37279.6,36000.0,94200.0,16000.0
19/07/2024,23750.0,41203.8,37300.0,95700.0,15900.0
18/07/2024,24400.0,43460.2,38100.0,96000.0,15500.0
17/07/2024,23700.0,42479.2,37000.0,95900.0,15400.0
16/07/2024,24300.0,43656.4,39100.0,97100.0,15950.0
15/07/2024,24550.0,44343.1,39400.0,97700.0,16200.0
12/07/2024,24900.0,44146.9,39800.0,97700.0,16450.0
11/07/2024,24850.0,43950.7,39200.0,97400.0,16550.0
10/07/2024,25300.0,43362.1,40700.0,98000.0,16300.0
09/07/2024,25200.0,44048.8,40400.0,98700.0,16550.0
08/07/2024,25350.0,41203.8,40100.0,95400.0,16350.0
05/07/2024,24950.0,41105.7,37500.0,95000.0,16600.0
04/07/2024,24950.0,41203.8,37250.0,94900.0,16600.0
03/07/2024,24900.0,40909.5,37500.0,94600.0,16200.0
02/07/2024,24850.0,41203.8,37050.0,95000.0,16200.0
01/07/2024,24400.0,40419.0,36600.0,94000.0,16100.0
28/06/2024,23900.0,39241.7,36000.0,95500.0,16050.0
27/06/2024,24850.0,40713.3,37400.0,95500.0,16400.0
26/06/2024,25050.0,40615.2,36800.0,96100.0,16700.0
25/06/2024,25000.0,41203.8,36250.0,96500.0,16400.0
24/06/2024,24000.0,40320.9,35750.0,97300.0,16350.0
21/06/2024,25200.0,44441.2,39250.0,97700.0,16200.0
20/06/2024,25200.0,43656.4,39300.0,97800.0,16700.0
19/06/2024,25200.0,44048.8,39300.0,96800.0,16900.0
18/06/2024,25150.0,43362.1,38450.0,96600.0,17200.0
17/06/2024,25150.0,43362.1,37800.0,96000.0,17500.0
14/06/2024,23550.0,44048.8,37500.0,95800.0,17850.0
13/06/2024,24400.0,46207.1,39000.0,97300.0,18150.0
12/06/2024,24550.0,46992.0,39450.0,96900.0,18050.0
11/06/2024,24300.0,46795.8,39250.0,94300.0,17750.0
10/06/2024,24000.0,46599.5,38750.0,94600.0,17850.0
07/06/2024,23500.0,45912.8,39100.0,94600.0,17900.0
06/06/2024,23500.0,46109.0,38350.0,95000.0,17950.0
05/06/2024,23150.0,45618.5,38000.0,94400.0,18100.0
04/06/2024,23150.0,44931.8,38600.0,94800.0,18000.0
03/06/2024,22350.0,45422.3,38900.0,93600.0,18150.0
31/05/2024,21800.0,45128.0,37550.0,93900.0,17800.0
30/05/2024,21550.0,45128.0,37700.0,92900.0,17850.0
29/05/2024,21850.0,44539.4,38000.0,93300.0,18200.0
28/05/2024,22050.0,45422.3,38500.0,94900.0,17067.0
27/05/2024,22000.0,43362.1,38400.0,94200.0,20250.0
24/05/2024,21550.0,43362.1,37800.0,94900.0,20050.0
23/05/2024,22350.0,45520.4,39100.0,98100.0,20600.0
22/05/2024,21950.0,41890.5,38750.0,98100.0,21300.0
21/05/2024,21800.0,41301.9,38800.0,98000.0,21450.0
20/05/2024,21950.0,38947.4,36850.0,97400.0,21700.0
17/05/2024,21850.0,39241.7,37300.0,99100.0,21900.0
16/05/2024,21500.0,38751.2,37100.0,97200.0,21050.0
15/05/2024,21200.0,39339.8,36200.0,96700.0,21000.0
14/05/2024,20850.0,37475.8,34400.0,96400.0,20700.0
13/05/2024,21000.0,38260.7,34300.0,97200.0,20800.0
10/05/2024,20650.0,39241.7,34550.0,97500.0,20800.0
09/05/2024,20400.0,36396.7,34200.0,96500.0,20600.0
08/05/2024,20650.0,37377.7,34150.0,97600.0,20900.0
07/05/2024,20500.0,36691.0,33300.0,98000.0,20950.0
06/05/2024,20400.0,36004.3,32800.0,95900.0,21100.0
03/05/2024,20000.0,33355.5,32000.0,96500.0,20300.0
02/05/2024,19800.0,33355.5,32050.0,96100.0,20300.0
26/04/2024,19400.0,34728.9,30700.0,95000.0,20650.0
25/04/2024,19600.0,35219.4,30650.0,94200.0,21000.0
24/04/2024,19650.0,35611.9,31000.0,94300.0,20900.0
23/04/2024,19000.0,33846.0,30100.0,92500.0,19700.0
22/04/2024,19682.1,34925.1,30600.0,93400.0,20200.0
19/04/2024,19048.7,31785.8,30500.0,91500.0,18900.0
17/04/2024,19487.2,31982.0,31250.0,92500.0,19350.0
16/04/2024,20217.9,34140.3,31650.0,95900.0,20100.0
15/04/2024,20753.8,34140.3,31300.0,96500.0,20450.0
12/04/2024,22312.8,37868.3,33550.0,103100.0,21950.0
11/04/2024,22312.8,37672.1,33400.0,100000.0,21800.0
10/04/2024,22069.2,36691.0,33400.0,100600.0,22000.0
09/04/2024,22264.1,37279.6,33750.0,97000.0,22250.0
08/04/2024,22020.5,34238.4,33500.0,95500.0,21650.0
05/04/2024,22020.5,36298.6,34300.0,96900.0,22050.0
04/04/2024,22605.1,37181.5,35400.0,97500.0,22500.0
03/04/2024,23043.6,36004.3,35500.0,97000.0,22800.0
02/04/2024,23530.8,32766.8,34750.0,99000.0,23100.0
01/04/2024,22994.9,32472.5,34550.0,98900.0,22900.0
29/03/2024,23043.6,32864.9,35150.0,98900.0,22950.0
28/03/2024,23433.3,33257.4,35550.0,97700.0,23200.0
27/03/2024,23482.1,31393.4,35150.0,97500.0,23300.0
26/03/2024,22897.4,31589.6,35100.0,97400.0,23450.0
25/03/2024,22410.3,31589.6,34450.0,96000.0,23950.0
22/03/2024,22653.8,31982.0,35000.0,98500.0,24300.0
21/03/2024,22117.9,31785.8,34750.0,98700.0,24250.0
20/03/2024,21776.9,31295.3,34350.0,98200.0,23400.0
19/03/2024,21630.8,30706.6,34000.0,96500.0,23050.0
18/03/2024,21094.9,30118.0,34100.0,97300.0,23200.0
15/03/2024,21533.3,32080.1,35500.0,99500.0,23550.0
14/03/2024,21679.5,32570.6,35750.0,100300.0,23300.0
13/03/2024,22020.5,33355.5,36350.0,100896.5,23550.0
12/03/2024,21289.7,31883.9,35000.0,98411.3,22600.0
11/03/2024,21387.2,31589.6,35350.0,98411.3,22900.0
08/03/2024,21825.6,31687.7,35900.0,95926.2,23500.0
07/03/2024,22264.1,32374.4,34800.0,95926.2,23500.0
06/03/2024,22361.5,31295.3,34200.0,94435.1,23000.0
05/03/2024,22897.4,28450.2,34400.0,96224.4,23500.0
04/03/2024,22848.7,27665.4,34250.0,95031.6,23450.0
01/03/2024,22459.0,27665.4,34200.0,95131.0,23200.0
29/02/2024,22166.7,26978.7,33750.0,89862.5,22650.0
28/02/2024,22312.8,25899.5,34050.0,89663.7,22600.0
27/02/2024,22264.1,25899.5,33650.0,89365.5,22800.0
26/02/2024,21874.4,25899.5,33650.0,87973.8,22650.0
23/02/2024,21582.1,25212.8,33000.0,87277.9,22050.0
22/02/2024,21971.8,25899.5,34400.0,89067.2,22500.0
21/02/2024,22117.9,26193.8,34600.0,87576.2,22600.0
20/02/2024,22459.0,26193.8,34250.0,88172.6,23000.0
19/02/2024,22702.6,25899.5,34300.0,88172.6,22950.0
16/02/2024,22751.3,25801.4,33900.0,89961.9,23200.0
15/02/2024,22800.0,25801.4,34000.0,90359.5,23000.0
07/02/2024,22653.8,26095.7,34000.0,90657.7,23000.0
06/02/2024,22507.7,25507.1,33000.0,90458.9,22100.0
05/02/2024,22507.7,25605.2,32550.0,90458.9,22200.0
02/02/2024,22312.8,25899.5,32700.0,91353.6,21800.0
01/02/2024,22312.8,25801.4,32300.0,91154.8,21750.0
31/01/2024,22312.8,25507.1,31650.0,90955.9,21800.0
30/01/2024,22556.4,25703.3,32100.0,90856.5,21850.0
29/01/2024,22264.1,25507.1,32150.0,90757.1,21800.0
26/01/2024,22946.2,25507.1,30900.0,88967.8,21950.0
25/01/2024,22507.7,25507.1,30700.0,88967.8,21900.0
24/01/2024,22264.1,25409.0,30900.0,88868.4,22050.0
23/01/2024,22264.1,25310.9,31050.0,89266.0,21900.0
22/01/2024,22459.0,25310.9,31200.0,87178.5,21950.0
19/01/2024,21923.1,25212.8,31350.0,87675.6,21700.0
18/01/2024,21971.8,25409.0,31200.0,88470.8,21900.0
17/01/2024,22020.5,25409.0,31300.0,88073.2,21950.0
16/01/2024,22312.8,25016.6,31250.0,85886.3,21800.0
15/01/2024,21046.2,24624.2,31000.0,83997.6,21500.0
12/01/2024,21143.6,25114.7,31500.0,84494.6,21800.0
11/01/2024,21533.3,25507.1,32350.0,85687.5,21950.0
10/01/2024,21143.6,25016.6,32300.0,86383.3,21750.0
09/01/2024,21338.5,25409.0,32600.0,84991.6,22150.0
08/01/2024,21776.9,25605.2,32250.0,83798.8,22250.0
05/01/2024,21776.9,24918.5,32400.0,82904.1,22300.0
04/01/2024,21874.4,24722.3,32350.0,84097.0,22300.0
03/01/2024,22069.2,24722.3,32500.0,85488.6,22350.0
02/01/2024,21582.1,24526.1,32350.0,85488.6,22150.0
29/12/2023,22215.4,24918.5,32400.0,85488.6,22250.0
28/12/2023,22117.9,24918.5,31850.0,84295.8,22150.0
27/12/2023,21874.4,24918.5,32300.0,84792.8,22000.0
26/12/2023,21533.3,24918.5,32450.0,85091.0,21850.0
25/12/2023,21387.2,24918.5,31800.0,83997.6,21700.0
22/12/2023,21046.2,24624.2,31600.0,83301.7,21500.0
21/12/2023,21192.3,24918.5,31350.0,83401.1,21750.0
20/12/2023,20948.7,25016.6,31350.0,79822.5,21950.0
19/12/2023,20948.7,24918.5,31150.0,78927.9,21800.0
18/12/2023,20217.9,24722.3,30900.0,79027.3,21550.0
15/12/2023,20315.4,24624.2,31500.0,78729.1,21800.0
14/12/2023,20461.5,24526.1,31900.0,79126.7,21450.0
13/12/2023,20559.0,24624.2,32500.0,79921.9,21600.0
12/12/2023,21192.3,24918.5,32900.0,79822.5,22050.0
11/12/2023,21143.6,24918.5,32450.0,79524.3,21950.0
08/12/2023,21533.3,24820.4,32350.0,78132.6,21700.0
07/12/2023,21874.4,25016.6,32550.0,78033.2,22000.0
06/12/2023,22117.9,25605.2,33300.0,79623.7,22750.0
05/12/2023,21728.2,25409.0,32850.0,79524.3,22550.0
04/12/2023,21679.5,25507.1,33200.0,80021.3,22700.0
01/12/2023,21192.3,24526.1,32000.0,79822.5,21350.0
30/11/2023,20900.0,24231.8,32000.0,80021.3,20950.0
29/11/2023,21192.3,24526.1,31550.0,79424.9,21050.0
28/11/2023,20753.8,24329.9,31200.0,78629.7,20800.0
27/11/2023,20120.5,24133.7,31200.0,79027.3,20600.0
24/11/2023,20412.8,24624.2,31900.0,79921.9,21300.0
23/11/2023,19974.4,24231.8,31250.0,80319.6,20600.0
22/11/2023,21435.9,25507.1,32450.0,80717.2,21900.0
21/11/2023,21338.5,25016.6,32000.0,80617.8,21700.0
20/11/2023,21143.6,24624.2,31150.0,78530.3,21200.0
17/11/2023,20900.0,24526.1,31050.0,78430.9,20250.0
16/11/2023,21046.2,24722.3,31950.0,77536.2,21000.0
15/11/2023,20948.7,24526.1,31100.0,77834.4,20500.0
14/11/2023,21143.6,24526.1,31250.0,77635.6,20400.0
13/11/2023,20948.7,24428.0,30500.0,75647.5,20200.0
10/11/2023,20120.5,24526.1,30700.0,75548.1,20050.0
09/11/2023,20266.7,24918.5,31250.0,76045.1,20050.0
08/11/2023,20559.0,24624.2,31400.0,76542.2,19550.0
07/11/2023,19243.6,23054.5,29600.0,75448.7,18300.0
06/11/2023,19487.2,23446.9,29250.0,76144.5,18700.0
03/11/2023,18951.3,23152.6,29300.0,73361.2,18500.0
02/11/2023,18415.4,23839.3,29850.0,73361.2,18550.0
01/11/2023,17246.2,22465.9,28000.0,71571.9,17350.0
31/10/2023,16564.1,21190.5,27000.0,71571.9,16300.0
30/10/2023,16759.0,22073.5,27000.0,72466.5,17300.0
27/10/2023,17197.4,22465.9,28500.0,73162.4,18500.0
26/10/2023,16174.4,22269.7,27900.0,73560.0,18300.0
25/10/2023,17343.6,23937.4,29950.0,73858.2,19650.0
24/10/2023,17246.2,24133.7,31700.0,74355.2,19750.0
23/10/2023,17246.2,24035.6,32750.0,73858.2,19400.0
20/10/2023,17343.6,24526.1,33450.0,74951.7,19950.0
19/10/2023,16564.1,23643.1,32500.0,74653.5,19150.0
18/10/2023,16564.1,23741.2,33200.0,75735.4,20150.0
17/10/2023,17538.5,24918.5,34500.0,77800.9,20000.0
16/10/2023,18317.9,25114.7,37050.0,78587.8,20950.0
13/10/2023,19146.2,25801.4,36750.0,78489.4,22000.0
12/10/2023,19194.9,25997.6,36350.0,78686.1,22050.0
11/10/2023,19194.9,25997.6,37000.0,78981.2,22200.0
10/10/2023,18805.1,25507.1,36400.0,78194.3,21400.0
09/10/2023,18853.8,25605.2,37100.0,78686.1,21600.0
06/10/2023,18269.2,25507.1,35200.0,76719.0,20900.0
05/10/2023,17879.5,25114.7,34800.0,76522.3,19550.0
04/10/2023,18610.3,25397.9,35000.0,76325.5,20350.0
03/10/2023,18220.5,24737.0,32750.0,76227.2,19650.0
02/10/2023,19584.6,25020.3,33750.0,77604.2,21100.0
29/09/2023,19487.2,24548.2,32750.0,77505.8,21000.0
28/09/2023,19779.5,24548.2,32800.0,77210.8,21050.0
27/09/2023,19487.2,24831.5,32500.0,77800.9,21850.0
26/09/2023,18512.8,23604.0,31500.0,77210.8,20650.0
25/09/2023,19535.9,23415.2,31500.0,78489.4,21000.0
22/09/2023,20997.4,25303.5,33700.0,79669.7,22550.0
21/09/2023,22556.4,27663.9,34800.0,81243.4,24200.0
20/09/2023,22556.4,28985.8,34850.0,81341.8,25250.0
19/09/2023,22410.3,28324.9,34900.0,79866.4,24750.0
18/09/2023,21241.0,27663.9,33700.0,80161.5,24550.0
15/09/2023,20851.3,27663.9,33750.0,80063.1,24000.0
14/09/2023,20753.8,27758.4,33600.0,79866.4,24150.0
13/09/2023,21435.9,28136.0,34150.0,81931.9,24500.0
12/09/2023,21289.7,28136.0,34350.0,82227.0,25000.0
11/09/2023,20753.8,26530.9,33950.0,82227.0,23400.0
08/09/2023,21435.9,27003.0,33850.0,82620.4,23650.0
07/09/2023,20948.7,27191.9,31650.0,82817.2,23800.0
06/09/2023,20753.8,27380.7,32100.0,79768.1,24000.0
05/09/2023,19438.5,26908.6,31650.0,79177.9,23500.0
31/08/2023,19487.2,27191.9,31000.0,79177.9,23500.0
30/08/2023,19194.9,26908.6,30400.0,79374.6,23500.0
29/08/2023,18610.3,26058.9,30600.0,79079.6,22400.0
28/08/2023,18707.7,25681.2,31100.0,78194.3,22200.0
25/08/2023,18123.1,25020.3,29641.0,77014.1,21850.0
24/08/2023,18269.2,25020.3,29641.0,76719.0,21300.0
23/08/2023,17830.8,24359.4,29322.0,76227.2,20550.0
22/08/2023,17928.2,24642.6,29595.0,77210.8,21000.0
21/08/2023,17976.9,23792.9,29413.0,77702.6,20450.0
18/08/2023,18123.1,23132.0,28090.0,77210.8,20000.0
17/08/2023,19487.2,25586.8,29960.0,78882.8,21500.0
16/08/2023,19876.9,24925.9,30416.0,78882.8,21300.0
15/08/2023,20071.8,25303.5,30416.0,77702.6,21100.0
14/08/2023,19584.6,25114.7,30598.0,78096.0,21400.0
11/08/2023,19341.0,24265.0,30006.0,78096.0,20050.0
10/08/2023,18317.9,24453.8,29367.0,77702.6,20100.0
09/08/2023,18610.3,24925.9,30188.0,78981.2,20000.0
08/08/2023,18220.5,25209.1,30462.0,80063.1,20100.0
07/08/2023,18512.8,25492.4,30097.0,80850.0,20550.0
04/08/2023,18415.4,24925.9,30097.0,79473.0,20600.0
03/08/2023,18220.5,24548.2,30279.0,79964.8,19800.0
02/08/2023,18317.9,24831.5,29595.0,80161.5,20200.0
01/08/2023,18123.1,24831.5,28911.0,79669.7,20000.0
31/07/2023,18756.4,25492.4,28911.0,81636.9,20800.0
28/07/2023,18805.1,25209.1,27817.0,81243.4,20300.0
27/07/2023,18269.2,24642.6,26859.0,79571.4,19400.0
26/07/2023,18220.5,24642.6,26996.0,80456.6,19300.0
25/07/2023,17830.8,24737.0,26768.0,79177.9,18900.0
24/07/2023,17830.8,25020.3,26677.0,77997.6,19050.0
21/07/2023,17733.3,25303.5,26540.0,78686.1,18800.0
20/07/2023,17100.0,25209.1,26540.0,77604.2,18150.0
19/07/2023,16905.1,24642.6,26221.0,77309.1,18100.0
18/07/2023,16807.7,24359.4,26221.0,78391.1,18400.0
17/07/2023,17197.4,24453.8,25582.0,78981.2,18300.0
14/07/2023,17294.9,24548.2,25901.0,77210.8,18500.0
13/07/2023,17051.3,24359.4,25993.0,76719.0,17950.0
12/07/2023,17002.6,24265.0,25582.0,72588.0,17600.0
11/07/2023,17002.6,24737.0,25126.0,73276.5,17900.0
10/07/2023,17002.6,24737.0,25354.0,72489.6,17750.0
07/07/2023,16759.0,23604.0,25172.0,70620.8,17700.0
06/07/2023,15979.5,22848.7,24761.0,71407.7,18050.0
05/07/2023,16271.8,23132.0,25081.0,72489.6,19300.0
04/07/2023,16174.4,23132.0,24944.0,72784.7,19600.0
03/07/2023,15979.5,22471.0,24853.0,72784.7,18850.0
30/06/2023,16028.2,22187.8,24077.0,73768.3,18900.0
29/06/2023,15979.5,22282.2,23986.0,73768.3,18800.0
28/06/2023,16369.2,23415.2,24716.0,73571.5,19550.0
27/06/2023,16466.7,23509.6,24533.0,74260.0,19650.0
26/06/2023,16515.4,23698.5,24533.0,75145.3,19350.0
23/06/2023,16412.7,23887.3,24260.0,74555.1,19700.0
22/06/2023,16460.0,23132.0,24169.0,73276.5,19650.0
21/06/2023,16223.6,23415.2,23211.0,71604.4,19750.0
20/06/2023,15703.3,22376.6,23302.0,71112.6,19600.0
19/06/2023,15372.2,21999.0,23074.0,71112.6,19200.0
16/06/2023,15608.7,22093.4,22709.0,71604.4,19400.0
15/06/2023,15656.0,21904.6,22801.0,72096.2,19100.0
14/06/2023,15892.5,21715.7,22983.0,71604.4,18700.0
13/06/2023,16270.9,22093.4,23257.0,72096.2,18650.0
12/06/2023,15608.7,22093.4,23576.0,71309.3,18850.0
09/06/2023,15656.0,21999.0,23211.0,70817.5,18950.0
08/06/2023,15466.8,21810.1,22709.0,70424.1,18100.0
07/06/2023,15845.2,22943.1,23302.0,70814.3,19250.0
06/06/2023,15230.3,23132.0,23165.0,71009.3,19300.0
05/06/2023,14993.8,22754.3,23211.0,71887.2,18050.0
02/06/2023,14662.7,23509.6,22527.0,71204.4,18300.0
01/06/2023,14378.9,22471.0,21980.0,68570.8,18200.0
31/05/2023,14568.1,22187.8,22162.0,69156.1,17500.0
30/05/2023,14993.8,22282.2,22208.0,69351.2,17400.0
29/05/2023,14851.9,22093.4,21661.0,69643.8,17050.0
26/05/2023,14520.8,21432.5,21524.0,70229.0,15950.0
25/05/2023,14662.7,21810.1,21341.0,69448.7,15850.0
24/05/2023,14757.3,22093.4,21478.0,69741.3,16100.0
23/05/2023,15088.4,21904.6,21752.0,70424.1,16450.0
22/05/2023,15277.6,21904.6,21433.0,70326.6,16200.0
19/05/2023,14710.0,22471.0,21478.0,70716.7,16100.0
18/05/2023,14615.4,21999.0,21797.0,71692.1,15500.0
17/05/2023,14662.7,20771.6,21797.0,72765.1,15250.0
16/05/2023,14946.5,20960.4,21797.0,72667.5,15600.0
15/05/2023,15041.1,20488.3,21752.0,73350.3,15500.0
12/05/2023,15419.5,21526.9,22117.0,73155.2,15850.0
11/05/2023,15230.3,21432.5,22208.0,73155.2,15550.0
10/05/2023,15088.4,21338.1,21615.0,73350.3,15300.0
09/05/2023,15088.4,20866.0,21615.0,73740.5,15050.0
08/05/2023,14757.3,20299.5,21478.0,74033.1,15150.0
05/05/2023,14710.0,18505.6,21113.0,74325.7,14750.0
04/05/2023,14662.7,18316.7,21296.0,74228.2,15000.0
28/04/2023,14662.7,18033.5,21615.0,75106.0,14900.0
27/04/2023,14473.5,17844.7,21569.0,73838.0,14550.0
26/04/2023,14851.9,17939.1,21068.0,73740.5,14650.0
25/04/2023,14142.4,18316.7,21296.0,73642.9,14600.0
24/04/2023,13811.3,18694.4,21296.0,74618.3,14950.0
21/04/2023,14142.4,18316.7,21706.0,75106.0,15050.0
20/04/2023,14473.5,17750.2,22253.0,75398.7,14850.0
19/04/2023,14473.5,18033.5,22208.0,76081.4,14900.0
18/04/2023,14851.9,18127.9,22299.0,76276.5,15200.0
17/04/2023,14757.3,17655.8,22162.0,76179.0,14900.0
14/04/2023,14520.8,17467.0,22436.0,75691.3,14850.0
13/04/2023,14284.3,18222.3,22983.0,75106.0,15200.0
12/04/2023,14710.0,18600.0,22527.0,75983.9,15600.0
11/04/2023,14946.5,19072.1,22390.0,76666.7,15900.0
10/04/2023,14757.3,18883.2,22208.0,75301.1,15900.0
07/04/2023,15324.9,18788.8,22664.0,74618.3,15800.0
06/04/2023,15514.1,18033.5,22709.0,74911.0,15650.0
05/04/2023,15797.9,18788.8,22664.0,75398.7,16200.0
04/04/2023,15561.4,18977.6,22436.0,74715.9,16200.0
03/04/2023,15324.9,18600.0,21934.0,74911.0,15900.0
31/03/2023,15230.3,18033.5,21843.0,75788.8,15500.0
30/03/2023,15372.2,17655.8,21980.0,75788.8,15250.0
29/03/2023,15656.0,16711.7,22253.0,75106.0,15400.0
28/03/2023,15372.2,16522.8,22253.0,75886.4,15250.0
27/03/2023,15466.8,16522.8,22390.0,76276.5,15450.0
24/03/2023,15041.1,16050.7,22117.0,77056.8,15300.0
23/03/2023,15135.7,16050.7,22573.0,76569.1,15150.0
22/03/2023,14993.8,16050.7,22573.0,76959.3,14800.0
21/03/2023,15230.3,15861.9,22345.0,77056.8,14800.0
20/03/2023,14851.9,15484.3,22436.0,78032.3,14350.0
17/03/2023,15324.9,15861.9,21889.0,77056.8,15000.0
16/03/2023,15230.3,15956.3,21341.0,78520.0,14800.0
15/03/2023,15656.0,16617.2,21889.0,78812.6,14950.0
14/03/2023,14710.0,15578.7,21615.0,78715.0,14000.0
13/03/2023,15324.9,15861.9,22025.0,78227.3,14500.0
10/03/2023,15514.1,16050.7,21661.0,77056.8,14500.0
09/03/2023,15372.2,16239.6,21250.0,77934.7,14700.0
08/03/2023,15372.2,16334.0,21113.0,78032.3,14700.0
07/03/2023,15230.3,15956.3,21159.0,77349.5,14200.0
06/03/2023,14520.8,16334.0,21159.0,76569.1,13850.0
03/03/2023,14473.5,15956.3,21524.0,77447.0,13600.0
02/03/2023,14662.7,16239.6,21889.0,78324.9,13900.0
01/03/2023,14710.0,16617.2,21524.0,75691.3,14250.0
28/02/2023,13764.0,16145.2,21433.0,75008.5,13450.0
27/02/2023,13622.1,16050.7,21524.0,74228.2,13400.0
24/02/2023,14378.9,16522.8,22481.0,79007.7,14000.0
23/02/2023,14946.5,16239.6,22801.0,80080.6,14500.0
22/02/2023,14189.7,16239.6,22618.0,80958.5,14300.0
21/02/2023,14946.5,17655.8,23485.0,82421.6,15150.0
20/02/2023,15324.9,17844.7,23804.0,82421.6,15450.0
17/02/2023,14662.7,16900.5,23120.0,80958.5,14450.0
16/02/2023,14993.8,16806.1,23165.0,80568.3,14600.0
15/02/2023,14284.3,16806.1,23165.0,79983.1,14000.0
14/02/2023,14047.8,16428.4,22937.0,80080.6,13900.0
13/02/2023,13622.1,16334.0,22709.0,81446.2,13450.0
10/02/2023,13622.1,17183.7,22983.0,81251.1,14000.0
09/02/2023,13480.2,17561.4,23621.0,80860.9,14400.0
08/02/2023,13669.4,17278.2,23986.0,80860.9,14600.0
07/02/2023,12818.0,17750.2,23713.0,81056.0,14350.0
06/02/2023,13764.0,17467.0,24260.0,81738.8,15150.0
03/02/2023,13905.9,17939.1,24305.0,80080.6,15100.0
02/02/2023,13716.7,17939.1,24397.0,83397.0,15100.0
01/02/2023,13858.6,17844.7,24305.0,84567.5,15400.0
31/01/2023,14662.7,19260.9,25537.0,87981.4,16550.0
30/01/2023,14142.4,19166.5,24989.0,89932.2,16250.0
27/01/2023,14142.4,19166.5,24761.0,91687.9,16300.0
19/01/2023,13764.0,19733.0,24351.0,86713.3,16750.0
18/01/2023,13764.0,19072.1,24214.0,86323.2,16150.0
17/01/2023,13858.6,19072.1,23941.0,85835.5,15900.0
16/01/2023,12959.9,18505.6,23348.0,85347.8,15000.0
13/01/2023,12392.3,18977.6,23530.0,84177.3,14900.0
12/01/2023,12486.9,19072.1,23713.0,83884.7,14700.0
11/01/2023,12392.3,18788.8,23895.0,84665.0,14750.0
10/01/2023,12155.8,18127.9,23941.0,85835.5,14400.0
09/01/2023,11824.7,17939.1,24305.0,86030.6,14400.0
06/01/2023,11966.6,19260.9,24169.0,86030.6,14300.0
05/01/2023,12486.9,19355.3,24807.0,86713.3,14600.0
04/01/2023,11966.6,19355.3,24989.0,86228.9,14350.0
03/01/2023,11682.9,19827.4,24853.0,86713.3,14400.0
30/12/2022,10926.1,19449.7,24169.0,87100.9,13500.0
29/12/2022,10926.1,17939.1,23667.0,83322.3,13500.0
28/12/2022,11257.2,17467.0,24123.0,79931.3,14100.0
27/12/2022,11115.3,16522.8,24077.0,78478.0,13950.0
26/12/2022,10405.8,15956.3,23621.0,78478.0,13050.0
23/12/2022,11162.6,17655.8,25354.0,78914.0,14000.0
22/12/2022,11872.0,17561.4,25537.0,79204.6,14550.0
21/12/2022,12439.6,17278.2,24625.0,79640.6,14650.0
20/12/2022,12959.9,17089.3,26175.0,80294.6,15200.0
19/12/2022,12959.9,17939.1,26175.0,81384.6,15500.0
16/12/2022,12770.7,17467.0,26357.0,82038.6,16050.0
15/12/2022,11966.6,16145.2,26631.0,82111.2,15900.0
14/12/2022,11966.6,16145.2,26950.0,82111.2,15600.0
13/12/2022,12013.9,15861.9,26631.0,81747.9,15450.0
12/12/2022,11399.1,15201.0,26403.0,81239.3,14450.0
09/12/2022,12250.4,15578.7,26084.0,81311.9,15500.0
08/12/2022,11730.1,15861.9,26859.0,80657.9,15300.0
07/12/2022,10973.4,14634.5,26540.0,78986.6,14300.0
06/12/2022,11588.3,15673.1,27406.0,80730.6,14300.0
05/12/2022,12439.6,17278.2,26266.0,83491.9,14850.0
02/12/2022,11635.6,16994.9,26449.0,83564.5,13900.0
01/12/2022,10878.8,16050.7,25354.0,81384.6,13000.0
30/11/2022,10642.3,16050.7,26540.0,82474.6,13600.0
29/11/2022,10311.2,16239.6,26266.0,81965.9,12800.0
28/11/2022,9980.1,15861.9,24944.0,79204.6,12000.0
25/11/2022,9327.4,14728.9,23804.0,77170.0,11250.0
24/11/2022,8721.9,13407.1,23439.0,77024.7,10550.0
23/11/2022,8154.3,13312.7,23530.0,76806.7,10600.0
22/11/2022,8703.0,13690.3,23485.0,74844.7,11300.0
21/11/2022,9090.9,13407.1,23211.0,74190.8,11300.0
18/11/2022,8504.4,13123.8,23895.0,72737.5,11100.0
17/11/2022,7955.7,12840.6,24351.0,72664.8,11100.0
16/11/2022,7435.4,11990.9,24077.0,70484.9,10550.0
15/11/2022,6953.0,10952.3,22527.0,68377.6,9900.0
14/11/2022,7236.7,12085.3,24214.0,70194.2,10350.0
11/11/2022,7662.4,13407.1,25993.0,70630.2,9800.0
10/11/2022,8230.0,13595.9,25400.0,70484.9,9720.0
09/11/2022,8844.9,13784.8,27269.0,70702.9,10450.0
08/11/2022,9109.8,13690.3,26540.0,70412.2,10650.0
07/11/2022,9790.9,13595.9,26449.0,69394.9,10450.0
04/11/2022,10500.4,14256.8,26631.0,68958.9,11200.0
03/11/2022,11257.2,15295.4,27954.0,74118.1,11950.0
02/11/2022,11730.1,15767.5,27406.0,73464.1,12100.0
01/11/2022,11020.7,15861.9,29458.0,73827.4,11800.0
31/10/2022,10784.2,15578.7,30097.0,75062.7,11500.0
28/10/2022,11588.3,15389.8,29230.0,75353.4,11700.0
27/10/2022,12439.6,14917.8,30051.0,74699.4,11350.0
26/10/2022,11635.6,13973.6,28957.0,74555.2,10650.0
25/10/2022,11777.4,14162.4,29139.0,73257.3,11450.0
24/10/2022,11020.7,13690.3,27269.0,73185.2,12300.0
21/10/2022,11824.7,15201.0,27224.0,75492.6,13200.0
20/10/2022,12676.1,16806.1,29139.0,77583.6,14150.0
19/10/2022,12581.5,17183.7,29641.0,77511.5,14550.0
18/10/2022,13149.1,17467.0,29550.0,76429.9,14600.0
17/10/2022,13291.0,17467.0,30234.0,75708.9,14500.0
14/10/2022,13385.6,17467.0,29413.0,75781.0,14500.0
13/10/2022,13101.8,16900.5,28774.0,75348.4,13900.0
12/10/2022,12865.3,16806.1,28774.0,75708.9,13950.0
11/10/2022,12061.2,16806.1,26905.0,75420.5,13650.0
10/10/2022,11919.3,17278.2,27315.0,75708.9,14650.0
07/10/2022,11162.6,16239.6,25537.0,74266.8,14250.0
06/10/2022,11966.6,16994.9,27452.0,74122.6,15300.0
05/10/2022,12818.0,17372.6,28364.0,73834.2,16400.0
04/10/2022,12345.0,16522.8,26905.0,71022.1,15400.0
03/10/2022,13054.5,16050.7,28592.0,71815.3,16300.0
30/09/2022,14000.5,17042.6,30735.0,77150.9,17500.0
29/09/2022,14000.5,16862.3,29413.0,80035.1,17400.0
28/09/2022,14189.7,17132.8,31602.0,80035.1,17800.0
27/09/2022,14284.3,17223.0,31784.0,80107.2,17500.0
26/09/2022,14378.9,16952.5,32012.0,80107.2,17450.0
23/09/2022,15324.9,18124.7,33061.0,82126.1,18550.0
22/09/2022,15466.8,18575.6,33745.0,82198.2,19000.0
21/09/2022,15230.3,17583.7,32787.0,82126.1,18500.0
20/09/2022,15324.9,17673.9,32833.0,81477.2,18800.0
19/09/2022,15135.7,16862.3,31419.0,80756.1,17850.0
16/09/2022,16270.9,17944.4,33745.0,81621.4,19000.0
15/09/2022,17122.2,18936.3,34474.0,80684.0,19800.0
14/09/2022,17122.2,19206.8,34064.0,80539.8,20000.0
13/09/2022,16554.6,18846.1,34566.0,81477.2,19850.0
12/09/2022,16948.8,19577.9,34383.0,80900.3,20100.0
09/09/2022,16948.8,19486.0,34930.0,80611.9,20400.0
08/09/2022,16397.0,19302.2,33654.0,81116.6,20000.0
07/09/2022,16948.8,19394.1,32650.0,80035.1,20000.0
06/09/2022,17421.8,21140.5,33380.0,82198.2,21400.0
05/09/2022,17540.0,20864.7,34976.0,82414.5,21400.0
31/08/2022,16397.0,21416.2,34201.0,82775.0,21700.0
30/08/2022,16160.5,21416.2,34429.0,82486.6,21700.0
29/08/2022,16318.1,21600.1,34566.0,84000.8,22200.0
26/08/2022,16830.6,22151.6,32331.0,84938.1,22400.0
25/08/2022,17264.1,22703.0,32331.0,84072.9,22950.0
24/08/2022,16830.6,22611.1,30234.0,84505.5,22600.0
23/08/2022,16948.8,22886.9,28683.0,82558.7,22750.0
22/08/2022,16397.0,22611.1,28364.0,82775.0,22200.0
19/08/2022,16081.7,22151.6,29185.0,82198.2,22650.0
18/08/2022,16633.5,21692.0,29550.0,82486.6,22500.0
17/08/2022,16672.9,21324.3,29367.0,82847.1,22250.0
16/08/2022,17145.9,21783.9,29914.0,82919.2,22450.0
15/08/2022,16988.2,21967.7,29869.0,82702.9,22450.0
12/08/2022,17106.5,20313.3,29550.0,81765.6,22500.0
11/08/2022,16002.8,19945.6,28957.0,82270.3,21950.0
10/08/2022,16475.8,20313.3,29504.0,84000.8,22200.0
09/08/2022,16199.9,20313.3,30370.0,84145.0,22550.0
08/08/2022,16357.6,20313.3,30598.0,84145.0,22150.0
05/08/2022,16160.5,20221.3,29550.0,82847.1,22000.0
04/08/2022,15687.5,19669.8,29550.0,83640.3,21200.0
03/08/2022,15411.6,19761.8,29550.0,83640.3,21150.0
02/08/2022,14426.2,19026.4,28090.0,84000.8,20750.0
01/08/2022,14268.5,19210.3,27406.0,84361.3,20400.0
29/07/2022,13362.0,17555.8,26722.0,82198.2,19100.0
28/07/2022,13401.4,17647.7,27908.0,81477.2,18850.0
27/07/2022,13007.2,17372.0,27634.0,80900.3,18200.0
26/07/2022,13086.0,17004.3,26494.0,80756.1,18200.0
25/07/2022,13874.4,17096.2,25765.0,81621.4,18750.0
22/07/2022,14268.5,17647.7,27041.0,82558.7,18950.0
21/07/2022,14426.2,17831.5,27954.0,82198.2,19150.0
20/07/2022,14189.7,18107.3,27361.0,81909.8,19200.0
19/07/2022,13756.1,17739.6,26722.0,79674.6,18750.0
18/07/2022,13992.6,18107.3,26996.0,81837.7,19000.0
15/07/2022,14347.4,18199.2,27178.0,81837.7,18900.0
14/07/2022,14189.7,18658.8,27406.0,83279.8,19300.0
13/07/2022,14110.9,17831.5,25628.0,82919.2,18500.0
12/07/2022,14268.5,17647.7,25993.0,84217.1,18300.0
11/07/2022,14032.0,17004.3,25217.0,83279.8,17850.0
08/07/2022,14347.4,17831.5,26129.0,83640.3,18350.0
07/07/2022,13637.9,16912.4,24625.0,83640.3,17700.0
06/07/2022,13519.6,16728.6,24123.0,80756.1,17600.0
05/07/2022,13559.0,17096.2,25901.0,85515.0,18600.0
04/07/2022,13322.5,17555.8,27543.0,89264.4,19200.0
01/07/2022,13322.5,17096.2,27113.0,92436.9,18600.0
30/06/2022,12691.9,16544.7,28189.0,92653.2,17400.0
29/06/2022,13598.5,17372.0,27801.0,93374.3,18550.0
28/06/2022,13204.3,17188.1,27414.0,93374.3,18300.0
27/06/2022,13401.4,17372.0,28834.0,93374.3,18400.0
24/06/2022,12534.2,16636.6,30986.0,87966.5,17200.0
23/06/2022,11943.0,16452.8,30513.0,86884.9,16950.0
22/06/2022,11903.6,15625.6,29480.0,83207.7,17000.0
21/06/2022,11154.7,15166.0,31675.0,85933.5,15900.0
20/06/2022,11627.7,15441.7,34042.0,84642.3,15750.0
17/06/2022,12494.8,16177.1,36581.0,87511.5,16900.0
16/06/2022,13401.4,17096.2,36107.0,87368.1,18150.0
15/06/2022,13756.1,17004.3,35031.0,84642.3,19450.0
14/06/2022,14780.9,17188.1,33396.0,83207.7,20900.0
13/06/2022,15884.6,17647.7,31588.0,80553.6,22350.0
10/06/2022,17067.0,19394.1,33955.0,86579.0,24000.0
09/06/2022,17579.5,20129.4,36495.0,92174.0,24950.0
08/06/2022,16554.6,19853.7,36365.0,91815.4,24700.0
07/06/2022,16121.1,19210.3,36581.0,91815.4,23900.0
06/06/2022,16948.8,19577.9,37226.0,89663.5,24100.0
03/06/2022,17421.8,19945.6,35031.0,88372.3,24350.0
02/06/2022,17067.0,20313.3,33396.0,88372.3,24850.0
01/06/2022,17815.9,20680.9,33740.0,84140.2,25450.0
31/05/2022,17973.6,20772.8,32062.0,82418.6,25250.0
30/05/2022,18170.7,20956.7,29996.0,86435.6,24950.0
27/05/2022,18288.9,20864.7,30383.0,87726.7,24450.0
26/05/2022,17106.5,20589.0,30383.0,81988.3,24350.0
25/05/2022,16712.3,19945.6,31373.0,82777.3,24300.0
24/05/2022,15924.0,19302.2,29351.0,77397.5,23516.0
23/05/2022,16672.9,18750.7,28662.0,74958.7,22830.0
20/05/2022,16948.8,20129.4,28060.0,76034.6,24104.0
19/05/2022,16515.2,19761.8,27027.0,73237.1,24692.0
18/05/2022,16870.0,18566.9,25693.0,73237.1,24251.0
17/05/2022,16672.9,18199.2,24014.0,73954.4,23712.0
16/05/2022,15608.7,16544.7,22465.0,70296.2,22193.0
13/05/2022,16751.7,16544.7,24143.0,69937.5,21507.0
12/05/2022,17973.6,18291.1,25951.0,72519.8,23075.0
11/05/2022,19313.7,20313.3,27887.0,76751.9,24790.0
10/05/2022,19392.6,20221.3,26682.0,73882.7,25035.0
09/05/2022,19077.3,20497.1,28662.0,71085.2,24643.0
06/05/2022,20496.2,22703.0,30814.0,76393.3,26456.0
05/05/2022,19432.0,23622.2,31416.0,78903.8,28415.0
04/05/2022,20772.1,23438.4,30943.0,77684.4,29395.0
29/04/2022,22309.3,25092.8,33267.0,77469.2,30375.0
28/04/2022,22348.8,24817.1,32707.0,76178.1,29787.0
27/04/2022,22782.3,24541.3,31588.0,76751.9,30571.0
26/04/2022,22388.2,23622.2,32707.0,77038.8,30865.0
25/04/2022,22151.7,23162.6,30900.0,76751.9,28856.0
22/04/2022,23807.1,25644.3,33181.0,82490.4,31012.0
21/04/2022,23728.3,25276.7,35634.0,85359.6,31698.0
20/04/2022,23728.3,25920.1,35720.0,85287.9,29689.0
19/04/2022,23886.0,26287.7,38302.0,85287.9,29395.0
18/04/2022,24516.6,29137.1,37441.0,90821.4,31551.0
15/04/2022,26172.1,31251.2,36796.0,86114.9,33021.0
14/04/2022,26172.1,31894.6,41194.7,86041.3,33853.0
13/04/2022,26093.3,32629.9,38505.0,85305.9,34588.0
12/04/2022,25856.8,31251.2,37278.1,82658.5,32335.0
08/04/2022,25896.2,33457.1,37514.1,84202.9,34392.0
07/04/2022,27827.6,34008.6,38929.7,84644.1,34294.0
06/04/2022,28340.0,35111.6,37466.9,86850.3,34784.0
05/04/2022,28103.5,35019.7,40015.0,86629.7,33902.0
04/04/2022,28103.5,35755.0,39543.1,85747.2,33217.0
01/04/2022,28182.3,34192.4,41619.4,86188.4,31061.0
31/03/2022,27591.1,33732.9,40534.1,81261.3,29885.0
30/03/2022,28615.9,34468.2,41996.9,79643.4,30326.0
29/03/2022,29601.3,34008.6,45111.3,81261.3,30277.0
28/03/2022,31500.0,33549.0,45724.7,79569.9,29591.0
25/03/2022,31541.7,34468.2,43978.8,79569.9,30473.0
24/03/2022,31291.7,34835.8,42657.5,78687.4,30865.0
23/03/2022,31625.0,35111.6,42374.4,77290.1,31306.0
22/03/2022,32333.3,34376.3,41949.7,78687.4,31502.0
21/03/2022,31833.3,34376.3,40203.8,77657.8,31355.0
18/03/2022,31541.7,33916.7,40015.0,76113.5,31305.9
17/03/2022,30541.7,34468.2,38505.0,75745.8,31452.8
16/03/2022,31125.0,34468.2,41336.3,75598.7,31893.8
15/03/2022,31000.0,33457.1,40392.5,75672.3,31942.8
14/03/2022,31666.7,33457.1,40817.2,72436.5,31109.9
11/03/2022,33041.7,35111.6,43884.4,76848.9,31844.8
10/03/2022,34125.0,36582.2,42327.2,79643.4,31207.9
09/03/2022,34541.7,35663.1,42044.1,81261.3,29220.2
08/03/2022,33666.7,36582.2,39826.3,77952.0,29816.6
07/03/2022,35375.0,36766.1,40675.6,79422.8,30253.9
04/03/2022,34000.0,38420.5,38033.1,77657.8,30611.7
03/03/2022,35083.3,38236.7,37561.3,76049.1,30532.2
02/03/2022,33041.7,38052.9,36806.3,75610.3,30174.4
01/03/2022,32500.0,35203.5,34824.4,76780.3,31208.0
28/02/2022,31958.3,34468.2,34918.8,75317.8,31327.3
25/02/2022,29875.0,34835.8,32653.8,78827.8,31049.0
24/02/2022,29625.0,33916.7,32512.2,79705.3,30214.1
23/02/2022,30458.3,34560.1,30388.8,80144.0,29578.0
22/02/2022,29833.3,34560.1,28406.9,80436.5,29220.2
21/02/2022,30625.0,35111.6,29445.0,77877.2,29856.3
18/02/2022,31041.7,34376.3,28973.1,78242.8,28663.7
17/02/2022,30500.0,33640.9,28784.4,78900.9,28266.1
16/02/2022,30375.0,33640.9,28973.1,77730.9,28425.1
15/02/2022,29958.3,33549.0,28123.8,77145.9,27948.1
14/02/2022,30250.0,33365.2,27651.9,76487.8,27033.7
11/02/2022,30916.7,34100.5,28737.2,76634.1,28425.1
10/02/2022,30333.3,34008.6,28076.6,75537.2,28226.3
09/02/2022,30375.0,34560.1,27085.6,75537.2,28623.9
08/02/2022,28416.7,34560.1,26896.9,76780.3,27828.8
07/02/2022,26583.3,34100.5,26425.0,78462.2,27987.8
28/01/2022,25291.7,33273.3,25481.3,76049.1,27431.2
27/01/2022,25250.0,32813.7,25386.9,73855.4,25841.0
26/01/2022,25750.0,31710.7,24679.1,73855.4,25006.2
25/01/2022,25666.7,32629.9,25150.9,70930.4,24926.6
24/01/2022,25041.7,32170.3,24773.4,70857.3,24330.3
21/01/2022,26916.7,33824.8,26613.8,69833.5,26159.1
20/01/2022,27833.3,33732.9,27321.6,69029.2,26954.2
19/01/2022,27500.0,32629.9,27746.3,68444.2,26516.9
18/01/2022,27625.0,31343.1,27463.1,68224.8,24807.4
17/01/2022,27500.0,32721.8,25670.0,68371.0,26636.1
14/01/2022,29541.7,34927.8,27321.6,68663.5,28623.9
13/01/2022,30083.3,35846.9,29350.6,68809.8,28981.7
12/01/2022,29333.3,34927.8,29445.0,67786.0,30373.1
11/01/2022,28833.3,35111.6,30011.3,68809.8,29021.5
10/01/2022,29458.3,36122.7,30813.4,68151.7,30691.2
07/01/2022,29458.3,37685.2,33125.6,68663.5,31804.3
06/01/2022,29833.3,37133.7,34730.0,69175.4,32281.4
05/01/2022,30833.3,37409.5,35107.5,69541.0,32639.2
04/01/2022,31250.0,37869.0,35013.1,70564.8,32997.0
31/12/2021,31166.7,36858.0,34635.6,70345.4,32599.4
30/12/2021,30750.0,37961.0,34352.5,67639.8,32917.5
29/12/2021,30750.0,35295.4,34163.8,68151.7,31406.8
28/12/2021,29916.7,34468.2,34965.9,69906.6,31208.0
27/12/2021,29375.0,34468.2,34824.4,70199.1,31804.3
24/12/2021,29750.0,34008.6,35343.4,69248.5,31764.6
23/12/2021,29250.0,33365.2,36617.5,68517.3,31327.3
22/12/2021,28625.0,34927.8,36570.3,69102.3,33116.3
21/12/2021,29041.7,35571.2,37797.2,69321.7,33712.6
20/12/2021,29750.0,35663.1,35673.8,68882.9,33871.6
17/12/2021,30083.3,35663.1,35768.1,69833.5,31804.3
16/12/2021,30958.3,34743.9,35390.6,68517.3,30611.7
15/12/2021,31250.0,35111.6,36098.4,70199.1,31406.8
14/12/2021,31333.3,36214.6,35956.9,70345.4,32082.6
13/12/2021,29291.7,36306.5,35249.1,72027.2,32003.1
10/12/2021,28750.0,34927.8,35532.2,71149.8,31406.8
09/12/2021,29541.7,34927.8,35060.3,72027.2,31764.6
08/12/2021,29583.3,33732.9,34635.6,70199.2,30174.4
07/12/2021,30083.3,33916.7,34163.8,68164.4,29697.3
06/12/2021,29083.3,33089.5,33220.0,66275.0,29379.3
03/12/2021,31250.0,34927.8,35390.6,68309.7,29021.5
02/12/2021,32833.3,38144.8,36900.6,70780.5,30890.0
01/12/2021,32750.0,38328.6,37985.9,70707.8,31009.2
30/11/2021,32958.3,38696.3,35862.5,71143.9,31406.8
29/11/2021,32416.7,39523.5,35485.0,71289.2,31764.6
26/11/2021,33125.0,40166.9,35956.9,73760.0,31009.2
25/11/2021,32500.0,41086.1,34871.6,75649.4,32241.6
24/11/2021,31625.0,40350.8,34258.1,76812.1,32360.9
23/11/2021,32583.3,39799.3,34918.8,76812.1,32082.6
22/11/2021,32000.0,37685.2,33031.3,75576.7,30015.3
19/11/2021,31250.0,38696.3,33880.6,74341.3,29816.6
18/11/2021,33250.0,40994.2,34446.9,77175.5,30850.2
17/11/2021,35416.7,37869.0,36523.1,77320.8,29538.3
16/11/2021,35916.7,37501.4,36995.0,78483.5,27630.0
15/11/2021,36416.7,38144.8,36617.5,80518.3,27908.3
12/11/2021,37250.0,36766.1,35956.9,79864.3,27789.0
11/11/2021,36250.0,35295.4,35107.5,75940.1,27272.2
10/11/2021,37083.3,35938.8,36287.2,74850.0,27590.3
09/11/2021,38041.7,35846.9,34682.8,77030.1,27630.0
08/11/2021,38375.0,35846.9,34777.2,78483.5,26914.4
05/11/2021,38708.3,35387.3,33125.6,78483.5,25602.5
04/11/2021,38166.7,35019.7,31002.2,75576.7,25403.7
03/11/2021,37458.3,34008.6,30813.4,75940.1,23773.7
02/11/2021,38166.7,34560.1,31993.1,76303.4,24091.8
01/11/2021,38333.3,31618.8,32087.5,73469.3,23495.5
29/10/2021,39500.0,30423.9,31426.9,75576.7,22660.6
28/10/2021,40000.0,30607.8,31615.6,73832.7,22382.3
27/10/2021,40041.7,30148.2,29916.9,74050.7,21269.2
26/10/2021,39708.3,29504.8,30011.3,71434.5,20354.8
25/10/2021,39166.7,29780.5,29728.1,72015.9,20116.2
22/10/2021,40833.3,29137.1,31332.5,71943.2,20752.3
21/10/2021,41166.7,29780.5,31898.8,71216.5,21070.4
20/10/2021,41000.0,30332.0,31615.6,71943.2,21070.4
19/10/2021,41083.3,31067.3,30671.9,71216.5,21308.9
18/10/2021,41541.7,31894.6,29350.6,71943.2,21110.1
15/10/2021,41458.3,31251.2,30860.6,73033.3,20474.0
14/10/2021,40375.0,30332.0,30294.4,73396.6,20394.5
13/10/2021,40083.3,29964.3,29303.4,73396.6,20394.5
12/10/2021,40291.7,30148.2,27415.9,72669.9,20633.1
11/10/2021,39875.0,30332.0,27840.6,74123.3,20792.1
08/10/2021,39708.3,29780.5,26660.9,72306.6,20394.5
07/10/2021,39666.7,29780.5,27510.3,70489.8,20275.3
06/10/2021,40291.7,29601.1,27604.7,71289.2,20116.2
05/10/2021,39875.0,29870.2,27180.0,70489.8,20116.2
04/10/2021,40541.7,28345.3,26802.5,71797.9,19281.4
01/10/2021,38958.3,28793.8,26613.8,71943.2,19678.9
30/09/2021,38750.0,28883.5,24962.2,71725.2,20275.3
29/09/2021,38250.0,28883.5,23357.8,67801.1,20195.8
28/09/2021,38333.3,29511.4,21847.8,67583.0,20474.0
27/09/2021,36666.7,28793.8,21517.5,66129.6,19957.2
24/09/2021,37833.3,29421.7,22838.8,66856.3,20911.4
23/09/2021,38750.0,29421.7,23310.6,67001.7,21308.9
22/09/2021,38833.3,29511.4,23121.9,67655.7,21229.4
21/09/2021,38916.7,29332.0,23310.6,65475.6,21030.6
20/09/2021,37500.0,29780.5,23357.8,66129.6,21308.9
17/09/2021,39166.7,30318.7,23640.9,67219.7,21587.2
16/09/2021,39166.7,29870.2,23405.0,67583.0,20951.1
15/09/2021,38958.3,29690.8,23593.8,66783.7,21269.2
14/09/2021,36458.3,29332.0,23829.7,64676.2,21110.1
13/09/2021,36500.0,30139.3,23688.1,66856.3,21507.7
10/09/2021,37416.7,30677.5,23546.6,68309.7,21348.7
09/09/2021,37416.7,31036.3,23405.0,65766.3,21030.6
08/09/2021,36208.3,30587.8,23263.4,62641.5,20871.6
07/09/2021,35083.3,31574.5,23263.4,62641.5,20672.8
06/09/2021,35708.3,31574.5,23971.3,62859.5,20116.2
01/09/2021,33375.0,30677.5,24537.5,61987.5,20116.2
31/08/2021,33250.0,30139.3,23593.8,62496.1,20195.8
30/08/2021,33083.3,30856.9,23216.3,62786.8,20474.0
27/08/2021,31875.0,29959.9,23216.3,62350.8,19877.7
26/08/2021,31750.0,29152.6,22791.6,62641.5,21189.6
25/08/2021,32250.0,30049.6,21895.0,64676.2,21070.4
24/08/2021,31333.3,29690.8,22272.5,64167.6,21507.7
23/08/2021,31250.0,32561.2,23121.9,64312.9,21189.6
20/08/2021,32291.7,29870.2,22319.7,66493.0,20951.1
19/08/2021,33708.3,29601.1,22083.8,68309.7,21110.1
18/08/2021,33250.0,29062.9,22130.9,68818.4,20434.3
17/08/2021,33166.7,28704.1,22366.9,69399.8,19718.7
16/08/2021,31750.0,29152.6,22130.9,68673.1,19877.7
13/08/2021,31250.0,27179.2,22130.9,68673.1,20394.5
12/08/2021,31291.7,26551.3,20762.5,68673.1,20672.8
11/08/2021,31875.0,26641.0,22272.5,69327.1,19917.5
10/08/2021,32291.7,26820.4,21564.7,69617.8,20354.8
09/08/2021,32333.3,26910.1,21375.9,70126.5,19798.2
06/08/2021,31666.7,25923.4,20007.5,69908.5,19838.0
05/08/2021,32166.7,26551.3,20290.6,69617.8,18287.5
04/08/2021,31250.0,25833.7,19441.3,70126.5,18327.2
03/08/2021,30833.3,25654.3,19677.2,70126.5,18247.7
02/08/2021,31166.7,25205.8,19441.3,69472.5,17333.4
30/07/2021,31083.3,25474.9,19063.8,69617.8,17293.6
29/07/2021,30750.0,25116.1,18214.4,67583.0,16657.5
28/07/2021,29916.7,24308.8,17695.3,65475.6,16578.0
27/07/2021,29750.0,24667.6,17836.9,65475.6,17174.3
26/07/2021,28666.7,24219.1,17884.1,65911.6,16458.7
23/07/2021,29125.0,23770.6,17365.0,66129.6,16458.7
22/07/2021,30250.0,24398.5,17176.3,67655.7,15027.5
21/07/2021,29833.3,23770.6,16421.3,66275.0,16260.0
20/07/2021,29500.0,24129.4,16468.4,66856.3,16379.2
19/07/2021,27583.3,22425.1,15666.3,66565.7,15464.9
16/07/2021,29583.3,24308.8,16515.6,69763.1,15782.9
15/07/2021,30000.0,24936.7,16232.5,69109.1,15027.5
14/07/2021,28666.7,23770.6,16043.8,69763.1,16617.8
13/07/2021,28291.7,24488.2,16138.1,72088.6,17333.4
12/07/2021,27500.0,22335.4,15100.0,74196.0,17691.2
09/07/2021,29541.7,24667.6,16090.9,76666.8,17015.3
08/07/2021,30916.7,27268.9,16657.2,76739.5,18883.8
07/07/2021,32416.7,27358.6,16940.3,77393.5,19241.6
06/07/2021,32250.0,26551.3,17884.1,72379.3,18446.5
05/07/2021,34666.7,29421.7,18403.1,72161.2,17651.4
02/07/2021,35333.3,30498.1,18969.4,72306.6,17969.5
01/07/2021,35500.0,29690.8,19488.4,72815.3,18088.7
30/06/2021,34916.7,26999.8,19818.8,72742.6,17889.9
29/06/2021,35000.0,27538.0,19488.4,71652.6,16975.6
28/06/2021,35625.0,27896.8,19299.7,71289.2,17055.1
25/06/2021,34416.7,27358.6,19063.8,70780.5,16737.0
24/06/2021,33750.0,25654.3,18780.6,71289.2,16697.3
23/06/2021,34291.7,25923.4,19016.6,71797.9,17373.1
22/06/2021,34833.3,25564.6,18686.3,71579.9,17452.6
21/06/2021,35166.7,25564.6,19205.3,71289.2,16975.6
18/06/2021,35833.3,25385.2,19158.1,71216.5,17770.7
17/06/2021,34833.3,25205.8,19063.8,69399.8,17293.6
16/06/2021,33750.0,25295.5,18591.9,69109.1,15822.7
15/06/2021,34875.0,25833.7,18355.9,69763.1,14987.8
14/06/2021,34015.1,26282.2,18403.1,70489.8,14331.8
11/06/2021,33371.2,25295.5,17978.4,70417.2,13038.0
10/06/2021,32954.5,24488.2,18072.8,69617.8,14182.5
09/06/2021,32727.3,24847.0,16893.1,69617.8,15028.5
08/06/2021,32007.6,22694.2,16798.8,69763.1,15227.6
07/06/2021,34393.9,25026.4,16751.6,72379.3,13859.1
04/06/2021,34924.2,27717.4,16798.8,73106.0,12615.0
03/06/2021,33712.1,28614.4,17034.7,73542.0,12366.2
02/06/2021,32803.0,27538.0,16798.8,73033.3,11445.6
01/06/2021,32954.5,26551.3,15713.4,73033.3,11022.6
31/05/2021,33257.6,25654.3,15855.0,73324.0,11346.0
28/05/2021,31250.0,23322.1,16043.8,73396.6,11346.0
27/05/2021,30530.3,21259.0,16043.8,73832.7,11221.6
26/05/2021,30303.0,21886.9,16468.4,73978.0,11022.6
25/05/2021,30454.5,21707.5,16657.2,74050.7,11072.3
24/05/2021,28787.9,20451.7,16704.4,74050.7,10649.3
21/05/2021,28712.1,20272.3,16043.8,73978.0,10226.4
20/05/2021,28825.7,20362.0,15855.0,72161.2,10151.7
19/05/2021,29318.2,19195.9,15713.4,67946.4,10201.5
18/05/2021,29128.8,18747.4,15666.3,67946.4,10276.1
17/05/2021,28409.1,19195.9,16185.3,68309.7,10350.8
14/05/2021,27878.8,19375.3,16657.2,68455.1,10077.1
13/05/2021,28333.3,19554.7,15713.4,68527.7,10325.9
12/05/2021,28863.6,19823.8,15713.4,69617.8,9828.3
11/05/2021,28598.5,19465.0,15147.2,68309.7,9554.6
10/05/2021,29697.0,19375.3,15052.8,68019.1,9579.4
07/05/2021,27803.0,18478.3,14675.3,69399.8,9231.1
06/05/2021,26439.4,18926.8,15147.2,69763.1,9007.2
05/05/2021,25378.8,19016.5,15335.9,70489.8,8882.7
04/05/2021,25454.5,18298.9,15005.6,69181.8,8733.5
29/04/2021,24053.0,18657.7,15100.0,71216.5,8658.8
28/04/2021,23712.1,18568.0,15241.6,69545.1,9032.0
27/04/2021,23787.9,17940.1,15241.6,69763.1,8708.6
26/04/2021,22878.8,18209.2,14628.1,69036.4,8982.3
23/04/2021,22840.9,19195.9,15241.6,69763.1,9280.9
22/04/2021,22234.8,18837.1,14958.4,68237.1,9206.2
20/04/2021,23901.5,20182.6,16043.8,68600.4,8982.3
19/04/2021,24659.1,20810.5,16421.3,68309.7,9231.1
16/04/2021,23825.8,20362.0,16138.1,66057.0,9007.2
15/04/2021,23901.5,20989.9,16326.9,66856.3,9280.8
14/04/2021,22689.4,21797.2,17081.9,66493.0,8758.3
13/04/2021,22197.0,21797.2,17034.7,65911.6,8709.3
12/04/2021,22954.5,22873.6,17129.1,66711.0,8341.3
09/04/2021,22840.9,22783.9,16893.1,65621.0,8169.5
08/04/2021,22386.4,22694.2,16940.3,64312.9,8145.0
07/04/2021,22159.1,22425.1,17129.1,64312.9,7409.0
06/04/2021,21590.9,21797.2,16987.5,64676.2,7139.1
05/04/2021,21856.1,22156.0,16940.3,64530.9,7053.3
02/04/2021,21893.9,21886.9,17034.7,64458.2,7090.1
01/04/2021,21969.7,21797.2,17081.9,62132.8,7090.1
31/03/2021,21515.1,20092.9,16468.4,61406.1,7249.5
30/03/2021,21098.5,20092.9,16279.7,61406.1,7458.1
29/03/2021,20947.0,19913.5,16515.6,61769.4,7543.9
26/03/2021,20719.7,19734.1,15855.0,61696.8,7310.9
25/03/2021,20681.8,19195.9,15760.6,62186.0,7053.3
24/03/2021,20530.3,19285.6,16043.8,61528.0,6992.0
23/03/2021,21666.7,20003.2,16421.3,61601.0,7139.1
22/03/2021,21780.3,20541.4,16090.9,61601.0,7212.8
19/03/2021,22045.4,20810.5,16326.9,61894.0,7310.9
18/03/2021,21742.4,20989.9,16468.4,62113.0,7041.0
17/03/2021,21515.1,20541.4,16468.4,61162.0,6930.6
16/03/2021,21439.4,20182.6,15430.3,61089.0,7041.0
15/03/2021,21325.8,20810.5,15477.5,61528.0,6746.6
12/03/2021,21363.6,20989.9,15619.1,60577.0,6795.7
11/03/2021,21553.0,21259.0,15902.2,60867.0,7077.8
10/03/2021,21287.9,21079.6,15949.4,60577.0,7114.6
09/03/2021,21439.4,20810.5,15855.0,60504.0,7163.7
08/03/2021,21856.1,21438.4,15807.8,60577.0,6795.7
05/03/2021,21174.2,20362.0,15855.0,60722.0,6832.5
04/03/2021,20984.8,19106.2,15430.3,60722.0,6820.2
03/03/2021,21287.9,19465.0,15052.8,61301.0,6758.9
02/03/2021,21136.4,19644.4,14109.1,60867.0,6709.8
01/03/2021,21212.1,19913.5,13212.5,61374.0,6771.1
26/02/2021,20075.8,19285.6,12740.6,61519.0,6746.6
25/02/2021,19545.4,19554.7,12646.3,60867.0,6869.3
24/02/2021,19356.1,19106.2,12740.6,59997.0,6648.5
23/02/2021,19469.7,18837.1,12882.2,60504.0,6378.6
22/02/2021,19507.6,18298.9,13023.8,61664.0,6464.5
19/02/2021,19053.0,18119.5,13023.8,62968.0,6256.0
18/02/2021,18863.6,18388.6,12882.2,63403.0,6035.2
17/02/2021,19280.3,18926.8,12080.0,62678.0,5642.6
09/02/2021,18181.8,17940.1,11796.9,60577.0,5372.8
08/02/2021,17803.0,17581.3,11844.1,58620.0,5753.0
05/02/2021,18181.8,18119.5,12174.4,60794.0,5544.5
04/02/2021,18106.1,16504.9,11985.6,60070.0,5961.6
03/02/2021,18106.1,15069.7,11891.3,60070.0,6403.1
02/02/2021,17310.6,13724.2,11136.3,59055.0,6844.8
01/02/2021,16666.7,13275.7,11277.8,57099.0,6857.0
29/01/2021,17689.4,14710.9,12032.8,60215.0,7102.4
28/01/2021,16553.0,14262.4,11608.1,56302.0,6918.4
27/01/2021,17765.1,15787.3,12457.5,60504.0,7004.2
26/01/2021,19053.0,17491.6,13118.1,61591.0,7519.4
25/01/2021,20340.9,19375.3,13590.0,63040.0,7789.3
22/01/2021,20075.8,20003.2,13495.6,60867.0,7531.7
21/01/2021,19886.4,20989.9,13590.0,59707.0,7102.4
20/01/2021,18636.4,21259.0,13401.3,58331.0,7274.1
19/01/2021,18484.8,19823.8,13448.4,57244.0,6942.9
18/01/2021,19318.2,21976.6,14250.6,60794.0,7261.8
15/01/2021,19166.7,22514.8,13448.4,59780.0,7360.0
14/01/2021,18977.3,22156.0,13448.4,59490.0,7347.7
13/01/2021,19128.8,20451.7,13448.4,59925.0,7384.5
12/01/2021,19015.1,20989.9,13495.6,60070.0,7507.1
11/01/2021,18257.6,21169.3,13448.4,59925.0,7360.0
08/01/2021,18257.6,21259.0,13495.6,59707.0,7212.8
07/01/2021,18257.6,21886.9,13259.7,59128.0,7310.9
06/01/2021,17954.5,21348.7,13259.7,58838.0,7360.0
05/01/2021,18030.3,19823.8,13306.9,58910.0,7077.8
04/01/2021,17954.5,18029.8,13306.9,59200.0,6624.0
31/12/2020,16780.3,16415.2,13212.5,58693.0,6636.2
30/12/2020,16477.3,14980.0,13212.5,58258.0,6746.6
29/12/2020,16628.8,14352.1,12929.4,56881.0,6329.5
28/12/2020,16818.2,13813.9,12976.6,56374.0,5924.8
25/12/2020,16856.1,13455.1,13023.8,56302.0,5544.5
24/12/2020,16704.5,13006.6,12599.1,55722.0,5605.8
23/12/2020,16893.9,13096.3,12740.6,56519.0,5618.1
22/12/2020,16666.7,13634.5,12599.1,56736.0,5348.2
21/12/2020,16401.5,13275.7,11796.9,56012.0,5004.8
18/12/2020,16477.3,12737.5,11655.3,56012.0,4808.5
17/12/2020,16022.7,12019.9,11702.5,54925.0,4931.2
16/12/2020,15871.2,12378.7,11844.1,56229.0,4906.6
15/12/2020,15833.3,12558.1,11796.9,55867.0,4710.4
14/12/2020,16060.6,12647.8,11702.5,56229.0,4587.7
11/12/2020,15681.8,12019.9,11796.9,56084.0,4661.3
10/12/2020,15075.8,11481.6,11796.9,52896.0,4649.0
09/12/2020,15265.1,11840.4,11938.4,56809.0,4624.5
08/12/2020,15227.3,11481.6,12032.8,56881.0,4477.3
07/12/2020,14886.4,10764.0,11608.1,56447.0,4465.0
04/12/2020,13939.4,10136.1,11608.1,56447.0,4281.0
03/12/2020,14053.0,10225.8,11608.1,55728.0,4219.7
02/12/2020,13598.5,10225.8,11513.8,55368.0,4207.4
01/12/2020,13901.5,9777.3,11466.6,56087.1,4232.0
30/11/2020,13636.4,9867.0,11230.6,56015.2,4195.2
27/11/2020,14053.0,9956.7,11466.6,56662.3,4281.0
26/11/2020,14015.1,9956.7,11513.8,54792.8,4342.4
25/11/2020,13712.1,9956.7,11466.6,54792.8,4232.0
24/11/2020,14166.7,9956.7,11655.3,54577.0,4170.6
23/11/2020,13409.1,9956.7,11466.6,55152.3,4244.2
20/11/2020,13939.4,10046.4,11560.9,52923.2,4244.2
19/11/2020,14242.4,10046.4,11702.5,53210.8,4244.2
18/11/2020,14431.8,10046.4,11702.5,52851.3,4207.4
17/11/2020,14469.7,9777.3,11796.9,53210.8,3937.6
16/11/2020,13750.0,9687.6,11702.5,51844.6,3864.0
13/11/2020,13674.2,9687.6,11938.4,53067.0,3851.7
12/11/2020,13484.8,9777.3,11938.4,52923.2,3888.5
11/11/2020,13484.8,9777.3,11655.3,51700.8,3765.8
10/11/2020,13030.3,9687.6,11938.4,52491.8,3753.6
09/11/2020,13371.2,9508.2,12315.9,53210.8,3630.9
06/11/2020,12765.1,9418.5,11796.9,52707.5,3680.0
05/11/2020,12272.7,9418.5,11796.9,52204.1,3643.2
04/11/2020,12462.1,9418.5,11891.3,51557.0,3765.8
03/11/2020,12500.0,9418.5,11891.3,51053.6,3827.2
02/11/2020,12083.3,9418.5,11985.6,51413.2,3925.3
30/10/2020,11363.6,8970.0,11230.6,49975.0,3937.6
29/10/2020,11212.1,9059.7,10994.7,48033.6,3900.8
28/10/2020,11325.8,9239.1,10853.1,47458.3,3925.3
27/10/2020,11628.8,9328.8,10994.7,49903.1,3925.3
26/10/2020,11553.0,9508.2,11263.9,49615.5,3900.8
23/10/2020,11666.7,9687.6,11488.3,48896.4,3888.5
22/10/2020,11704.5,9508.2,11308.8,49040.2,3888.5
21/10/2020,11515.1,9777.3,11129.3,48177.4,3790.4
20/10/2020,11818.2,9956.7,11174.2,48177.4,3876.2
19/10/2020,11098.5,10046.4,11129.3,48536.9,3913.0
16/10/2020,11401.5,10136.1,11263.9,48968.3,3765.8
15/10/2020,11439.4,10225.8,10770.3,46739.2,3765.8
14/10/2020,11439.4,10315.5,10725.4,45229.2,3778.1
13/10/2020,11628.8,10405.2,10770.3,44941.6,3729.0
12/10/2020,11969.7,10487.8,10725.4,44582.0,3496.0
09/10/2020,11893.9,10405.2,10860.1,45444.9,3496.0
08/10/2020,11931.8,10487.8,10860.1,45157.3,3312.0
07/10/2020,11969.7,10487.8,10501.0,43934.9,3312.0
06/10/2020,11931.8,10487.8,10770.3,43934.9,3373.3
05/10/2020,11704.5,10322.7,10860.1,44006.8,3287.4
02/10/2020,11704.5,10240.1,10501.0,43863.0,3299.7
01/10/2020,11969.7,10322.7,10545.9,44366.3,3312.0
30/09/2020,11856.1,10074.9,10635.7,43791.1,3262.9
29/09/2020,11515.1,9992.3,10501.0,43719.2,3213.8
28/09/2020,12197.0,9662.0,9827.9,44582.0,3177.0
25/09/2020,11553.0,9414.3,9199.6,44582.0,3103.4
24/09/2020,11325.8,9331.7,9109.9,44797.8,3103.4
23/09/2020,10757.6,9414.3,9154.8,45588.7,3128.0
22/09/2020,10757.6,9331.7,9199.6,43791.1,3103.4
21/09/2020,10530.3,9414.3,8966.3,43863.0,3066.6
18/09/2020,10757.6,9166.5,9199.6,43431.5,3054.4
17/09/2020,10189.4,9166.5,9020.1,43000.1,3029.8
16/09/2020,10454.5,9166.5,9065.0,43647.3,3029.8
15/09/2020,9848.5,8918.8,9020.1,43072.0,2980.8
14/09/2020,9621.2,8836.2,8930.4,43143.9,3005.3
11/09/2020,9015.1,8753.6,8436.7,42784.4,2980.8
10/09/2020,8977.3,8918.8,8391.9,43000.1,2980.8
09/09/2020,9128.8,8836.2,8427.8,42784.4,2956.2
08/09/2020,8825.8,8836.2,8176.5,43000.1,2980.8
07/09/2020,8750.0,8918.8,8167.5,42352.9,2931.7
04/09/2020,8977.3,9001.4,8230.3,43575.3,2931.7
03/09/2020,9053.0,9001.4,8302.1,44150.6,2907.2
01/09/2020,8939.4,8918.8,8347.0,43863.0,2907.2
31/08/2020,8560.6,9001.4,8338.0,43143.9,2845.9
28/08/2020,8636.4,8918.8,8176.5,43719.2,2821.3
27/08/2020,8825.8,8671.0,8230.3,42281.0,2845.9
26/08/2020,8787.9,8505.9,8176.5,42424.8,2796.8
25/08/2020,8863.6,8340.7,8149.5,42928.2,2845.9
24/08/2020,8939.4,8340.7,8221.3,42137.2,2845.9
21/08/2020,8825.8,8175.5,8104.7,40483.4,2882.6
20/08/2020,8712.1,8175.5,7691.8,39980.0,2870.4
19/08/2020,8750.0,8175.5,7763.6,39980.0,2858.1
18/08/2020,8787.9,8093.0,7745.6,39764.3,2821.3
17/08/2020,8598.5,8093.0,7718.7,40195.7,2809.1
14/08/2020,8484.8,8093.0,7727.7,40627.2,2809.1
13/08/2020,8636.4,8093.0,7808.5,40267.6,2845.9
12/08/2020,8522.7,8093.0,7521.3,39261.0,2821.3
11/08/2020,8636.4,7927.8,7512.3,39620.5,2784.5
10/08/2020,8636.4,7762.6,7503.3,39764.3,2747.7
07/08/2020,8484.8,7762.6,7350.7,39692.4,2809.1
06/08/2020,8106.1,7762.6,7350.7,39980.0,2784.5
05/08/2020,8068.2,7762.6,7467.4,39476.7,2858.1
04/08/2020,7840.9,7845.2,7323.8,38470.0,2747.7
03/08/2020,7689.4,7514.9,7287.9,37966.6,2944.0
31/07/2020,7197.0,7432.3,7090.4,37103.8,3078.9
30/07/2020,7522.7,7514.9,7198.2,37031.9,3066.6
29/07/2020,7447.0,7597.5,7171.2,37031.9,3103.4
28/07/2020,7878.8,7762.6,7458.4,38829.5,3115.7
27/07/2020,7363.6,7432.3,7018.6,37463.3,3128.0
24/07/2020,7916.7,7845.2,7539.2,40267.6,3139.8
23/07/2020,8333.3,8258.1,7889.2,42424.8,3163.4
22/07/2020,8484.8,8258.1,7898.2,42137.2,3187.0
21/07/2020,8598.5,8340.7,7961.0,42712.5,3139.8
20/07/2020,8484.8,8505.9,7853.3,42712.5,3104.4
17/07/2020,8750.0,8423.3,8050.8,43431.5,3139.8
16/07/2020,8712.1,8258.1,8086.7,43503.4,3092.6
15/07/2020,8863.6,8340.7,8122.6,43287.7,3104.4
14/07/2020,8939.4,8340.7,8131.6,42640.6,3116.2
13/07/2020,8977.3,8175.5,8032.8,42640.6,3069.0
10/07/2020,8901.5,8093.0,8077.7,43072.0,3080.8
09/07/2020,8863.6,8175.5,8122.6,43575.3,3116.2
08/07/2020,8787.9,8010.4,8095.7,42568.7,3168.2
07/07/2020,8939.4,8010.4,7898.2,42712.5,3168.2
06/07/2020,9015.1,8010.4,7871.3,42784.4,3288.7
03/07/2020,8977.3,8010.4,7763.6,42137.2,3276.7
02/07/2020,8901.5,7927.8,7817.4,42209.1,3264.6
01/07/2020,9090.9,7845.2,7907.2,42137.2,3324.9
30/06/2020,8674.2,8010.4,7646.9,41274.3,3180.3
29/06/2020,8939.4,8175.5,7970.0,41346.2,3180.3
26/06/2020,9280.3,8340.7,8302.1,42856.3,3108.0
25/06/2020,9318.2,8423.3,8526.5,42856.3,3144.1
24/06/2020,8863.6,8340.7,8284.2,43431.5,3144.1
23/06/2020,9015.1,8588.5,8598.3,43000.1,2939.4
22/06/2020,9166.7,8340.7,8454.7,42496.8,3108.0
19/06/2020,9015.1,8258.1,7907.2,42496.8,3132.1
18/06/2020,8598.5,8093.0,7629.0,41849.6,3312.8
17/06/2020,8712.1,8093.0,7682.8,41921.5,3288.7
16/06/2020,8295.5,8093.0,7629.0,42281.0,3373.0
15/06/2020,8068.2,7845.2,7539.2,41130.5,3312.8
12/06/2020,8333.3,8340.7,7557.2,42784.4,3276.7
11/06/2020,7803.0,8258.1,7350.7,43503.4,3120.1
10/06/2020,8371.2,9083.9,7898.2,46739.2,3108.0
09/06/2020,8560.6,9083.9,7799.5,47098.8,3132.1
08/06/2020,8560.6,9249.1,7584.1,47530.2,3071.9
05/06/2020,8030.3,9083.9,8430.0,45804.5,3071.9
04/06/2020,7515.1,8588.5,8340.0,45804.5,3071.9
03/06/2020,7530.3,7845.2,8290.0,45588.7,3168.2
02/06/2020,7424.2,7845.2,8250.0,45444.9,3047.8
01/06/2020,7651.5,7845.2,8510.0,45948.3,2987.6
29/05/2020,7553.0,7762.6,8490.0,45373.0,2915.3
28/05/2020,7689.4,7762.6,8510.0,45085.4,2939.4
27/05/2020,7613.6,7762.6,8420.0,45301.1,2939.4
26/05/2020,7492.4,7514.9,8810.0,46164.0,2891.2
25/05/2020,7416.7,7349.7,8890.0,46020.2,2879.1
22/05/2020,7348.5,7349.7,8580.0,45444.9,2951.4
21/05/2020,7022.7,7349.7,8490.0,46020.2,2903.2
20/05/2020,7219.7,7432.3,8670.0,46020.2,2951.4
19/05/2020,7348.5,7432.3,8210.0,46235.9,2843.0
18/05/2020,7166.7,7267.2,8180.0,45660.6,2686.4
15/05/2020,6704.5,7267.2,8300.0,44582.0,2650.2
14/05/2020,6863.6,7349.7,8550.0,45732.5,2626.1
13/05/2020,6840.9,7349.7,8770.0,46667.3,2578.0
12/05/2020,6393.9,7432.3,8520.0,45876.4,2590.0
11/05/2020,5977.3,7432.3,7970.0,42928.2,2638.2
08/05/2020,5916.7,7184.6,7980.0,41849.6,2614.1
07/05/2020,6007.6,7102.0,8010.0,41346.2,2638.2
06/05/2020,6151.5,7184.6,8100.0,40627.2,2626.1
05/05/2020,5833.3,7102.0,8050.0,40267.6,2674.3
04/05/2020,5719.7,7184.6,7900.0,40627.2,2686.4
29/04/2020,5568.2,7184.6,8460.0,40914.8,2650.2
28/04/2020,5568.2,7184.6,8340.0,41130.5,2843.0
27/04/2020,5606.1,7184.6,7800.0,41705.8,2951.4
24/04/2020,5500.0,7349.7,7750.0,42784.4,2818.9
23/04/2020,5143.9,7349.7,7990.0,42712.5,2734.6
22/04/2020,4812.4,7267.2,7970.0,42281.0,2710.5
21/04/2020,4502.2,7267.2,7450.0,41633.9,2734.6
20/04/2020,4834.1,7349.7,7060.0,43287.7,2770.7
17/04/2020,4891.8,7349.7,6600.0,42928.2,2770.7
16/04/2020,4689.8,7432.3,6550.0,42424.8,2650.2
15/04/2020,4660.9,7432.3,6560.0,42568.7,2722.5
14/04/2020,4357.9,7349.7,6450.0,41346.2,2746.6
13/04/2020,4076.5,7432.3,6210.0,41418.2,2686.4
10/04/2020,4040.4,7349.7,6400.0,41418.2,2674.3
09/04/2020,4040.4,7349.7,6330.0,41705.8,2734.6
08/04/2020,4112.6,7267.2,6250.0,40411.5,2734.6
07/04/2020,4018.8,7349.7,5850.0,40986.7,2758.7
06/04/2020,4011.5,7432.3,5860.0,39908.1,2770.7
03/04/2020,3751.8,7102.0,5690.0,37319.5,2818.9
01/04/2020,3506.5,6689.1,5550.0,34946.6,2770.7
31/03/2020,3282.8,6523.9,5310.0,33005.1,2855.0
30/03/2020,3355.0,6854.2,5350.0,33990.3,3059.8
27/03/2020,3607.5,7019.4,5630.0,36523.8,3120.1
26/03/2020,3535.4,6936.8,5670.0,37860.8,3132.1
25/03/2020,3773.4,7102.0,5770.0,38635.0,3180.3
24/03/2020,3658.0,6771.7,5620.0,36171.9,3180.3
23/03/2020,3910.5,6936.8,5510.0,36031.1,3204.4
20/03/2020,4199.1,7267.2,5920.0,38705.3,3228.5
19/03/2020,4285.7,7349.7,5950.0,38283.1,3469.4
18/03/2020,4444.4,7349.7,5800.0,40394.3,3252.6
17/03/2020,4466.1,7267.2,5600.0,40112.8,3252.6
16/03/2020,4329.0,7019.4,5530.0,40323.9,3312.8
13/03/2020,4256.9,7102.0,5290.0,43350.0,3312.8
12/03/2020,4401.2,7102.0,5460.0,44898.2,3312.8
11/03/2020,4725.8,7432.3,5870.0,48276.1,3324.9
10/03/2020,5072.1,7514.9,5920.0,51865.1,3252.6
09/03/2020,5101.0,7514.9,5710.0,52850.4,3252.6
06/03/2020,5483.4,7845.2,6110.0,56791.3,3300.8
05/03/2020,5555.6,7845.2,6180.0,57495.0,3288.7
04/03/2020,5555.6,7762.6,6260.0,57846.9,3300.8
03/03/2020,5476.2,7762.6,6030.0,57706.1,3264.6
02/03/2020,5476.2,7680.1,6020.0,57424.6,3385.1
28/02/2020,5483.4,7762.6,6080.0,57495.0,3397.1
27/02/2020,5627.7,7845.2,6120.0,58761.7,3421.2
26/02/2020,5591.6,7845.2,6090.0,58409.9,3421.2
25/02/2020,5685.4,7927.8,6090.0,58409.9,3445.3
24/02/2020,5606.1,8010.4,6080.0,57143.1,3421.2
21/02/2020,5894.7,8175.5,6220.0,58972.8,3409.2
20/02/2020,6017.3,8175.5,6270.0,60028.4,3445.3
19/02/2020,5815.3,8175.5,6180.0,60169.2,8402.5
18/02/2020,5873.0,8258.1,6170.0,58902.5,8224.3
17/02/2020,5865.8,8340.7,6110.0,57987.6,8343.1
14/02/2020,5815.3,8423.3,6180.0,58198.7,8372.8
13/02/2020,5685.4,8505.9,6080.0,58058.0,8372.8
12/02/2020,5685.4,8505.9,6060.0,58058.0,8313.4
11/02/2020,5656.6,8505.9,5930.0,57354.3,8313.4
10/02/2020,5786.4,8423.3,5800.0,57354.3,8729.1
07/02/2020,5858.6,8505.9,5800.0,58128.4,8877.5
06/02/2020,5959.6,8505.9,5700.0,59043.2,8966.6
05/02/2020,5793.6,8423.3,5690.0,58198.7,8610.3
04/02/2020,5735.9,8423.3,5750.0,59113.6,8580.6
03/02/2020,5937.9,8505.9,5680.0,58269.1,8580.6
31/01/2020,5880.2,8588.5,5910.0,59324.7,8550.9
30/01/2020,6248.2,8588.5,5950.0,61717.4,8432.2
22/01/2020,6479.1,9001.4,6080.0,64250.8,8461.9
21/01/2020,6168.8,8258.1,5950.0,64039.7,8491.6
20/01/2020,5988.5,8093.0,5910.0,64743.5,8491.6
17/01/2020,6089.5,8093.0,5920.0,63828.6,8461.9
16/01/2020,6147.2,8093.0,5970.0,63265.6,8372.8
15/01/2020,6096.7,8258.1,5970.0,63336.0,8491.6
14/01/2020,5844.2,8258.1,6000.0,62561.9,8491.6
